data_id,iso,event_id_cnty,event_id_no_cnty,event_date,year,time_precision,event_type,actor1,assoc_actor_1,inter1,actor2,assoc_actor_2,inter2,interaction,region,country,admin1,admin2,admin3,location,latitude,longitude,geo_precision,source,source_scale,notes,fatalities,timestamp,iso3
1889373,180,DRC12954,12954,"13 October 2018",2018,1,Riots/Protests,"Police Forces of Democratic Republic of Congo (2001-)",,1,"Rioters (Democratic Republic of Congo)",,5,15,"Middle Africa","Democratic Republic of Congo",Katanga,Lubumbashi,Lubumbashi,Lubumbashi,-11.6596,27.4741,1,Actualite,National,"13 October. Youth at a rlly called the Platform for Change burned tires in the streets of Lubumbashi. Police dispersed them.",0,1539635469,COD
1889369,180,DRC12950,12950,"12 October 2018",2018,1,Riots/Protests,"Police Forces of Democratic Republic of Congo (2001-)",,1,"Protesters (Democratic Republic of Congo)","LUCHA: Fight for Change",6,16,"Middle Africa","Democratic Republic of Congo",Nord-Kivu,Beni,Beni,Beni,0.4966,29.4654,1,7SUR7,National,"12 October. Activists for the fight for change, Lucha, were dispersed by the police with tear gas as they protested in Beni.",0,1539635469,COD
1889370,180,DRC12951,12951,"12 October 2018",2018,1,Riots/Protests,"Police Forces of Democratic Republic of Congo (2001-)",,1,"Rioters (Democratic Republic of Congo)",,5,15,"Middle Africa","Democratic Republic of Congo",Nord-Kivu,Butembo,Butembo,Butembo,0.1337,29.289,1,7SUR7,National,"12 October. Rioters calling for peace in Beni clashed with police in Butembo town, leaving several injured.",0,1539635469,COD
1889371,180,DRC12952,12952,"12 October 2018",2018,2,"Strategic development","Government of Angola (1975-)",,1,"Refugees/IDPs (Democratic Republic of Congo)",,7,17,"Middle Africa","Democratic Republic of Congo",Kasai-Occidental,Kasai,Luebo,Luebo,-5.35,21.4167,3,Actualite,National,"Displacement: October 1-11: A total of 188,720 suspected illegal Congolese migrants in Angola were forcibly returned to Kasai.",0,1539635469,COD
1889372,180,DRC12953,12953,"12 October 2018",2018,1,"Strategic development","NDC-R: Nduma Defence of Congo (Renewal)","Mayi Mayi Militia (Mazembe)",3,"Military Forces of Democratic Republic of Congo (2001-)",,1,13,"Middle Africa","Democratic Republic of Congo",Nord-Kivu,Nord-Kivu,Lubero,Lubero,-0.159,29.239,1,Actualite,National,"Agreement: 12 October. Militiamen of the Nduma defense of Congo (NDC / Renovee) and Mai-Mai Mazembe surrendered to the security services in Lubero.",0,1539635469,COD
1889367,180,DRC12948,12948,"11 October 2018",2018,1,Riots/Protests,"Protesters (Democratic Republic of Congo)",,6,,,0,60,"Middle Africa","Democratic Republic of Congo",Sud-Kivu,Sud-Kivu,Shabunda,Tshonka,-2.287,27.743,1,"Radio Okapi",National,"10-11 October. The people of Tshonka in Shabunda territory (South Kivu) organized protests over two days to demand the departure of a mining operator.",0,1539635469,COD
1889368,180,DRC12949,12949,"11 October 2018",2018,1,Riots/Protests,"Protesters (Democratic Republic of Congo)","Teachers (Democratic Republic of Congo); Labour Group (Democratic Republic of Congo)",6,,,0,60,"Middle Africa","Democratic Republic of Congo",Sud-Kivu,Bukavu,Bukavu,Bukavu,-2.5,28.8667,1,Actualite,National,"11 October. Hundreds of teachers from all the unions of the schools of the city of Bukavu (South Kivu) protested in front of the cabinet of the governor of province, to denounce the insecurity in the schools of the city.",0,1539635469,COD
1889365,180,DRC12946,12946,"10 October 2018",2018,1,Riots/Protests,"Protesters (Democratic Republic of Congo)",,6,,,0,60,"Middle Africa","Democratic Republic of Congo",Sud-Kivu,Sud-Kivu,Shabunda,Tshonka,-2.287,27.743,1,"Radio Okapi",National,"10-11 October. The people of Tshonka in Shabunda territory (South Kivu) organized protests over two days to demand the departure of a mining operator.",0,1539635469,COD
1889366,180,DRC12947,12947,"10 October 2018",2018,1,Riots/Protests,"Protesters (Democratic Republic of Congo)","EC: Together For Change",6,,,0,60,"Middle Africa","Democratic Republic of Congo",Kinshasa,Kinshasa,"Kinshasa Urban",Kinshasa,-4.325,15.3222,1,Actualite,National,"10 October. During the trial of Moise Katumbi Chapwe, activists of ""Together for Change"" stormed the Court, to show their support for their leader.",0,1539635469,COD
1889362,180,DRC12943,12943,"09 October 2018",2018,1,Riots/Protests,"Protesters (Democratic Republic of Congo)","Students (Democratic Republic of Congo)",6,"Police Forces of Democratic Republic of Congo (2001-)",,1,16,"Middle Africa","Democratic Republic of Congo",Nord-Kivu,Beni,Beni,Beni,0.4966,29.4654,1,7SUR7,National,"09 October. A crowd of students was dispersed with tear gas by police as they marched to denounce the insecurity that prevails in Beni in North Kivu. Police fired tear gas and live bullets at a crowd of protesters that tried to enter the residence of a high-ranking military cadre in an area of Beni, leaving four injured.",0,1539635469,COD
1889363,180,DRC12944,12944,"09 October 2018",2018,1,"Violence against civilians","ADF: Allied Democratic Forces",,2,"Civilians (Democratic Republic of Congo)",,7,27,"Middle Africa","Democratic Republic of Congo",Nord-Kivu,Nord-Kivu,Oicha,Eringiti,0.8519,29.6124,2,7SUR7,National,"09 October. Suspected ADF ambushed and killed two civilians in Kisiki-Maimoya on the Oisha-Eringeti National Highway No. 4 in Beni. FARDC intervened soon after, exchanging fire with the attackers (coded in a separate event).",2,1539635469,COD
1889364,180,DRC12945,12945,"09 October 2018",2018,1,"Battle-No change of territory","ADF: Allied Democratic Forces",,2,"Military Forces of Democratic Republic of Congo (2001-)",,1,12,"Middle Africa","Democratic Republic of Congo",Nord-Kivu,Nord-Kivu,Oicha,Eringiti,0.8519,29.6124,2,7SUR7,National,"09 October. Suspected ADF ambushed and killed two civilians in Kisiki-Maimoya on the Oisha-Eringeti National Highway No. 4 in Beni. FARDC intervened soon after, exchanging fire with the attackers (coded in a separate event).",0,1539635469,COD
1889359,180,DRC12940,12940,"08 October 2018",2018,1,"Battle-No change of territory","Unidentified Armed Group (Democratic Republic of Congo)",,3,"Unidentified Armed Group (Democratic Republic of Congo)",,3,33,"Middle Africa","Democratic Republic of Congo",Nord-Kivu,Nord-Kivu,Ruwenzori,Ruwenzori,0.4886,29.8494,2,7SUR7,National,"08 October. Detonations of heavy and light weapons were heard in the commune of Ruwenzori around Kasinga city of Beni. Residents also left the place and moved to the city.",0,1539635469,COD
1889360,180,DRC12941,12941,"08 October 2018",2018,1,Riots/Protests,"Protesters (Democratic Republic of Congo)",,6,,,0,60,"Middle Africa","Democratic Republic of Congo",Nord-Kivu,Beni,Beni,Beni,0.4966,29.4654,1,7SUR7,National,"08 October. Women gathered in the street of Beni to demand the return of peace in the municipality of Ruwenzori.",0,1539635469,COD
1889361,180,DRC12942,12942,"08 October 2018",2018,1,"Battle-No change of territory","ADF: Allied Democratic Forces",,2,"Military Forces of Democratic Republic of Congo (2001-)","MONUSCO: United Nations Organization Stabilization Mission in Democratic Republic of Congo (2010-)",1,12,"Middle Africa","Democratic Republic of Congo",Nord-Kivu,Nord-Kivu,Lubero,Kasinga,-0.4167,28.85,1,Actualite,National,"08 October. MONUSCO reinforcements repelled an attack on Congolese military by suspected ADF fighters in Kasinga.",0,1539635469,COD
1889358,180,DRC12939,12939,"07 October 2018",2018,1,Riots/Protests,"Police Forces of Democratic Republic of Congo (2001-)",,1,"Rioters (Democratic Republic of Congo)",,5,15,"Middle Africa","Democratic Republic of Congo",Katanga,Kolwezi,Kolwezi,Kolwezi,-10.7167,25.4725,1,"Radio Okapi",National,"07 October. Demonstrators vandalized the office of the central police station of the PNC and released all the detainees Kolwezi. Six wounded policemen and several rioters arrested.",0,1539635469,COD
1889357,180,DRC12938,12938,"06 October 2018",2018,1,"Violence against civilians","Unidentified Armed Group (Democratic Republic of Congo)",,3,"Civilians (Democratic Republic of Congo)",,7,37,"Middle Africa","Democratic Republic of Congo",Nord-Kivu,Nord-Kivu,Masisi,Rubaya,-1.5436,28.8685,1,"Radio Okapi",National,"06 October. Fourteen people were killed in an incursion by an armed group in the Rubaya mining trading center in Masisi territory.",14,1539635469,COD
1884913,180,DRC12936,12936,"04 October 2018",2018,1,"Battle-No change of territory","Military Forces of Democratic Republic of Congo (2001-)",,1,"ADF: Allied Democratic Forces",,2,12,"Middle Africa","Democratic Republic of Congo",Nord-Kivu,Beni,Beni,Paida,0.4813,29.4585,1,"Radio Okapi",National,"04 October. ADF rebels attacked an army position in Paida, on the outskirts of the city of Beni (North Kivu) and four soldiers were killed.",4,1539033714,COD
1884912,180,DRC12935,12935,"03 October 2018",2018,1,Riots/Protests,"Protesters (Democratic Republic of Congo)",,6,,,0,60,"Middle Africa","Democratic Republic of Congo",Nord-Kivu,Nord-Kivu,Oicha,Oicha,0.7,29.5167,1,7SUR7.CD,National,"03 October. Protesters in Oicha took to the streets to demand the release of 17 abductees including children in majority by ADF rebels on September 22 in Mabapula.",0,1539033714,COD
1884910,180,DRC12933,12933,"02 October 2018",2018,1,"Battle-No change of territory","Military Forces of Democratic Republic of Congo (2001-)",,1,"Unidentified Armed Group (Democratic Republic of Congo)",,3,13,"Middle Africa","Democratic Republic of Congo",Nord-Kivu,Nord-Kivu,Oicha,Karuruma,-0.0367,29.5261,1,Actualite,National,"02 October. A group of armed men attacked a FARDC position in Karuruma, four attackers were killed in the army's response.",4,1539033714,COD
1884911,180,DRC12934,12934,"02 October 2018",2018,1,"Strategic development","Police Forces of Democratic Republic of Congo (2001-)",,1,"Civilians (Democratic Republic of Congo)","IDPs/Refugees (Democratic Republic of Congo)",7,17,"Middle Africa","Democratic Republic of Congo",Kasai-Occidental,Kasai,Kamonia,Kamako,-7.2226,20.8981,2,Actualite,National,"Looting: 02 October. Report that Congolege forces were extorting money from DRC returneees at the border post of Kamako, 150 km south of Tshikapa, in the province of Kasai (approx. Coordinates used based on a humanitarian map). They were being forcibly returned from Angola.",0,1539033714,COD
1889356,180,DRC12937,12937,"02 October 2018",2018,1,"Violence against civilians","Butembo Community Militia",,4,"Civilians (International)","Aid Workers (International)",7,47,"Middle Africa","Democratic Republic of Congo",Nord-Kivu,Butembo,Butembo,Butembo,0.1337,29.289,1,"Associated Press",International,"02 October. Two Red Cross workers were seriously wounded when community members attacked them while they were carrying out safe Ebola burials in the north-eastern city of Butembo.",0,1539635469,COD
1884907,180,DRC12930,12930,"01 October 2018",2018,1,"Violence against civilians","Unidentified Armed Group (Democratic Republic of Congo)",,3,"Civilians (International)","Civilians (Germany)",7,37,"Middle Africa","Democratic Republic of Congo",Bas-Congo,Boma,Boma,Boma,-5.8468,13.0503,1,"Radio Okapi",National,"01 October. A German tourist was killed by a man belonging to a gang of four assailants in the city of Boma. His wife survived.",1,1539033714,COD
1884908,180,DRC12931,12931,"01 October 2018",2018,1,Riots/Protests,"Protesters (Democratic Republic of Congo)","LUCHA: Fight for Change",6,,,0,60,"Middle Africa","Democratic Republic of Congo",Kasai-Occidental,Kananga,Kananga,Kananga,-5.8958,22.4178,1,"Radio Okapi",National,"01 October. Activists of the Fight for Change movement (LUCHA) marched in Kananga to condemn the continuing violence in Beni and to call on the authorities to secure people and their property.",0,1539033714,COD
1884909,180,DRC12932,12932,"01 October 2018",2018,1,"Battle-No change of territory","Unidentified Armed Group (Democratic Republic of Congo)",,3,"Military Forces of Democratic Republic of Congo (2001-)",,1,13,"Middle Africa","Democratic Republic of Congo",Kasai-Occidental,Kananga,Kananga,Kananga,-5.8958,22.4178,2,"Radio Okapi",National,"01 October. A soldier and a civilian were wounded in an attack by armed men against a FARDC position in Tshiawu on the outskirts of Kananga town on the Mbuji-Mayi road.",0,1539033714,COD
1884906,180,DRC12929,12929,"30 September 2018",2018,1,"Battle-No change of territory","Unidentified Armed Group (Democratic Republic of Congo)",,3,"Military Forces of Democratic Republic of Congo (2001-)",,1,13,"Middle Africa","Democratic Republic of Congo",Kasai-Occidental,Kananga,Kananga,Nganza,-5.9502,22.3611,1,7SUR7.CD,National,"30 September. Two soldiers were wounded in Tshiawu in Nganza commune during clashes between security forces and an unidentified militia.",0,1539033714,COD
1883662,180,DRC12915,12915,"29 September 2018",2018,1,Riots/Protests,"Protesters (Democratic Republic of Congo)",,6,,,0,60,"Middle Africa","Democratic Republic of Congo",Kinshasa,Kinshasa,"Kinshasa Urban",Kinshasa,-4.325,15.322,1,"Radio Oakpi","National ","29 September. Opposition political party activists marched to Triomphal Boulevard in Kinshasa to demand the release of political prisoners and the return of the people in exile.",0,1538773383,COD
1884900,180,DRC12923,12923,"29 September 2018",2018,1,Riots/Protests,"Protesters (Democratic Republic of Congo)",,6,"Police Forces of Democratic Republic of Congo (2001-)",,1,16,"Middle Africa","Democratic Republic of Congo",Nord-Kivu,Nord-Kivu,Oicha,Oicha,0.7,29.5167,1,"Twitter source",National,"29 September. Oicha - Police disperse protest held against the death of two civilians after an attack by ADF at Mukoko the day before.",0,1539033714,COD
1884901,180,DRC12924,12924,"29 September 2018",2018,1,Riots/Protests,"Police Forces of Democratic Republic of Congo (2001-)",,1,"Protesters (Democratic Republic of Congo)",,6,16,"Middle Africa","Democratic Republic of Congo",Nord-Kivu,Goma,Goma,Goma,-1.6933,29.2339,1,"Twitter source",National,"29 September. Police beat seven activists (including Rebecca Kavugho and Queen Mwanzi) in Goma as they peacefully protested the continued violence in Beni.",0,1539033714,COD
1884902,180,DRC12925,12925,"29 September 2018",2018,1,Riots/Protests,"Protesters (Democratic Republic of Congo)",,6,,,0,60,"Middle Africa","Democratic Republic of Congo",Sud-Kivu,Bukavu,Bukavu,Bukavu,-2.5,28.8667,1,"Journaliste En Danger",National,"29 September. Protest against the insecurity in the city of Bukavu. Police beat and abused a journalist on the margins of the protest who was covering the event.",0,1539033714,COD
1884903,180,DRC12926,12926,"29 September 2018",2018,1,"Violence against civilians","Police Forces of Democratic Republic of Congo (2001-)",,1,"Civilians (Democratic Republic of Congo)","Journalists (Democratic Republic of Congo)",7,17,"Middle Africa","Democratic Republic of Congo",Sud-Kivu,Bukavu,Bukavu,Bukavu,-2.5,28.8667,1,"Journaliste En Danger",National,"29 September. Police beat and abused a journalist on the margins of a protest against insecurity in Bukavu. The journalist was covering the event.",0,1539033714,COD
1884904,180,DRC12927,12927,"29 September 2018",2018,1,"Battle-No change of territory","FDLR: Democratic Forces for the Liberation of Rwanda",,2,"Military Forces of Democratic Republic of Congo (2001-)",,1,12,"Middle Africa","Democratic Republic of Congo",Nord-Kivu,Nord-Kivu,Masisi,Kanyatsi,-1.3664,28.983,1,"Radio Okapi",National,"29 September. FDLR attacked FRDC positions in Mutao village in Nyiragongo territory and in nearby Kanyatsi village in Masisi territroy, forcing the inhabitants to flee. The FDLR came from the Virunga National Park. Coded as two separate events.",0,1539033714,COD
1884905,180,DRC12928,12928,"29 September 2018",2018,1,"Battle-No change of territory","FDLR: Democratic Forces for the Liberation of Rwanda",,2,"Military Forces of Democratic Republic of Congo (2001-)",,1,12,"Middle Africa","Democratic Republic of Congo",Nord-Kivu,Nord-Kivu,Nyiragongo,Nyiragongo,-1.5219,29.2496,2,"Radio Okapi",National,"29 September. FDLR attacked FRDC positions in Mutao village in Nyiragongo territory and in nearby Kanyatsi village in Masisi territroy, forcing the inhabitants to flee. The FDLR came from the Virunga National Park. Coded as two separate events.",0,1539033714,COD
1883660,180,DRC12913,12913,"28 September 2018",2018,1,"Violence against civilians","ADF: Allied Democratic Forces",,2,"Civilians (Democratic Republic of Congo)",,7,27,"Middle Africa","Democratic Republic of Congo",Nord-Kivu,Nord-Kivu,Oicha,Mukoko,0.73,29.5532,2,"Radio Oakpi","National ","28 September. Two civilians were killed and eight others disappeared in an attack by the alleged ADF in Mukoko village, 6km north of Oicha city (approx. Coordinates used).",2,1538773383,COD
1883661,180,DRC12914,12914,"28 September 2018",2018,1,"Battle-No change of territory","ADF: Allied Democratic Forces",,2,"Military Forces of Democratic Republic of Congo (2001-)",,1,12,"Middle Africa","Democratic Republic of Congo",Nord-Kivu,Nord-Kivu,Rutshuru,Mutabo,-1.1575,29.5227,1,"The Defense Post",International,"28 September. Suspected ADF attacked an army position at Mutabo killing two soldiers. The army denounced an increase in raids by foreign groups from neighbouring countries.",2,1538773383,COD
1884897,180,DRC12920,12920,"28 September 2018",2018,1,"Battle-No change of territory","Unidentified Armed Group (Democratic Republic of Congo)",,3,"Military Forces of Democratic Republic of Congo (2001-)",,1,13,"Middle Africa","Democratic Republic of Congo",Orientale,Ituri,Djugu,Linga,1.9398,30.7641,1,"Radio Okapi",National,"28 September. Two soldiers were killed in the attack of a FARDC position by unknown gunmen in Linga locality in Djugu territory.",2,1539033714,COD
1884898,180,DRC12921,12921,"28 September 2018",2018,1,"Battle-No change of territory","Unidentified Armed Group (Democratic Republic of Congo)",,3,"Military Forces of Democratic Republic of Congo (2001-)",,1,13,"Middle Africa","Democratic Republic of Congo",Katanga,Lualaba,Kapanga,Malali,-11.0033,23.3459,1,"Radio Okapi",National,"28 September. In the FARDC offensive against assailants in the village of Malali in the Ladhejo groupement, three people including the head of this locality and two women were killed and others wounded .",3,1539033714,COD
1884899,180,DRC12922,12922,"28 September 2018",2018,1,"Battle-No change of territory","Unidentified Armed Group (Democratic Republic of Congo)",,3,"Military Forces of Democratic Republic of Congo (2001-)",,1,13,"Middle Africa","Democratic Republic of Congo",Orientale,Ituri,Djugu,Fataki,1.9917,30.5702,2,"Radio Okapi",National,"28 September. FARDC launched offensive against assailants in the village of Aidha in the Dhendro group.",0,1539033714,COD
1884896,180,DRC12919,12919,"26 September 2018",2018,1,"Violence against civilians","Unidentified Armed Group (Democratic Republic of Congo)",,3,"Civilians (Democratic Republic of Congo)",,7,37,"Middle Africa","Democratic Republic of Congo",Nord-Kivu,Nord-Kivu,Oicha,Kasindi,-0.0361,29.7136,1,"Twitter source",National,"26 September. One person was shot dead in Kasindi, bordered with Uganda.",1,1539033714,COD
1883655,180,DRC12908,12908,"24 September 2018",2018,1,"Battle-Government regains territory","Mayi Mayi Militia (Yakutumba)",,3,"Military Forces of Democratic Republic of Congo (2001-)",,1,13,"Middle Africa","Democratic Republic of Congo",Sud-Kivu,Sud-Kivu,Fizi,Kilembwe ,-10.1029,27.3741,2,Actualite.cd,"National ","24 September. The Army regained control of a number of towns in and around Kilembwe in Fizi territory occupied for more than a week by a Mai-Mai militia led by Yakutumba (a coalition of Malaika and Alleluia militias). Yakutumba withdrew  without a fight in the locality of Kilembwe. Coded as two separate events, one battle-gov regains, one non-violent transfer.",0,1538773383,COD
1883656,180,DRC12909,12909,"24 September 2018",2018,1,"Non-violent transfer of territory","Mayi Mayi Militia (Yakutumba)",,3,"Military Forces of Democratic Republic of Congo (2001-)",,1,13,"Middle Africa","Democratic Republic of Congo",Sud-Kivu,Sud-Kivu,Fizi,Kilembwe ,-10.1029,27.3741,1,Actualite.cd,"National ","24 September. The Army regained control of a number of towns in and around Kilembwe in Fizi territory occupied for more than a week by a Mai-Mai militia led by Yakutumba (a coalition of Malaika and Alleluia militias). Yakutumba withdrew  without a fight in the locality of Kilembwe. Coded as two separate events, one battle-gov regains, one non-violent transfer.",0,1538773383,COD
1883658,180,DRC12911,12911,"24 September 2018",2018,1,"Violence against civilians","Police Forces of Democratic Republic of Congo (2001-)",,1,"Civilians (Democratic Republic of Congo)",,7,17,"Middle Africa","Democratic Republic of Congo",Sud-Kivu,Sud-Kivu,Mwenga,"Kakuku I",-3.7836,28.7322,1,"Kivu Security","National ","24 September. A police officer shot dead a man at a bistro in Kakuku village in Mwenga territory after a discussion about the exoneration of the Mwenga territorial administrator, who had been accused of supporting local gangs.",1,1538773383,COD
1883659,180,DRC12912,12912,"24 September 2018",2018,1,Riots/Protests,"Police Forces of Democratic Republic of Congo (2001-)",,1,"Protesters (Democratic Republic of Congo)",,6,16,"Middle Africa","Democratic Republic of Congo",Sud-Kivu,Sud-Kivu,Mwenga,Mwenga,-3.3011,28.1004,2,"Kivu Security","National ","24 September. Police dispersed protesters at Busawa village in Mwenga territory. The population was protesting the release of the territory's administrator who had been arrested for supporting armed gangs and illegal possession of weapons.",0,1538773383,COD
1883653,180,DRC12906,12906,"23 September 2018",2018,1,"Battle-No change of territory","Unidentified Armed Group (Democratic Republic of Congo)",,3,"Military Forces of Democratic Republic of Congo (2001-)",,1,13,"Middle Africa","Democratic Republic of Congo",Orientale,Ituri,Irumu,Irumu,1.4382,29.8447,2,"Radio Oakpi","National ","23-24 September. Six people, including two soldiers and four civilians, were killed in two attacks by armed men against FARDC positions in Tagba (Sept 23rd) in Irumu, Ituri , and in Bule in Djugu territory (Sept 24th). Six fatalities spread over two events.",3,1538773383,COD
1883654,180,DRC12907,12907,"23 September 2018",2018,1,"Battle-No change of territory","Unidentified Armed Group (Democratic Republic of Congo)",,3,"Military Forces of Democratic Republic of Congo (2001-)",,1,13,"Middle Africa","Democratic Republic of Congo",Orientale,Ituri,Djugu,Bule,1.9167,30.6,1,"Radio Oakpi","National ","23-24 September. Six people, including two soldiers and four civilians, were killed in two attacks by armed men against FARDC positions in Tagba (Sept 23rd) in Irumu, Ituri , and in Bule in Djugu territory (Sept 24th). Six fatalities spread over two events.",3,1538773383,COD
1883651,180,DRC12904,12904,"22 September 2018",2018,1,"Battle-No change of territory","ADF: Allied Democratic Forces",,2,"Military Forces of Democratic Republic of Congo (2001-)",,1,12,"Middle Africa","Democratic Republic of Congo",Nord-Kivu,Beni,Beni,Beni,0.4966,29.4654,1,"World Watch Monitor/Radio Okapi",National-International,"22 September. Suspected ADF militants stormed the eastern town of Beni, claiming at least 18 killed – 14 civilians and four soldiers.",18,1538773383,COD
1883652,180,DRC12905,12905,"22 September 2018",2018,1,"Battle-No change of territory","Unidentified Armed Group (Democratic Republic of Congo)",,3,"Police Forces of Democratic Republic of Congo (2001-)",,1,13,"Middle Africa","Democratic Republic of Congo",Kasai-Oriental,Sankuru,Katako-Kombe,Hianga,-3.3833,24.3333,1,"Radio Oakpi","National ","22 September. Deputy Interior Minister Basile Olongo's convoy was attacked by unidentified gunmen at Hianga in Sankuru province. Olongo was on his way from Lodja to Katako Kombe. The convoy was guarded by policemen. There were several injured.",0,1538773383,COD
1884735,180,DRC12910,12910,"22 September 2018",2018,1,"Battle-No change of territory","ADF: Allied Democratic Forces",,2,"Military Forces of Democratic Republic of Congo (2001-)",,1,12,"Middle Africa","Democratic Republic of Congo",Nord-Kivu,Nord-Kivu,Oicha,Mabapula,0.737,29.605,2,Actualite.cd,National,"22 September. An army position in Mabapula, east of Oicha, 35 km north of the city of Beni, was burned by alleged ADF fighters, a civilian was killed and 17 went missing including children. Approx. coordinates used.",1,1539033714,COD
1884895,180,DRC12918,12918,"22 September 2018",2018,1,"Violence against civilians","ADF: Allied Democratic Forces",,2,"Civilians (Democratic Republic of Congo)",,7,27,"Middle Africa","Democratic Republic of Congo",Nord-Kivu,Nord-Kivu,Oicha,Mabapula,0.737,29.605,2,Actualite.cd,National,"22 September. After attacking an army position in Mabapula, east of Oicha, 35 km north of the city of Beni, ADF abducted 17 people, including children. Approx. Coordinates used.",0,1539033714,COD
1884045,180,DRC12897,12897,"21 September 2018",2018,1,"Battle-Government regains territory","Military Forces of Democratic Republic of Congo (2001-)",,1,"Mayi Mayi Militia (Yakutumba)",,3,13,"Middle Africa","Democratic Republic of Congo",Maniema,Maniema,Kabambare,Kabeya,-4.35,28.3,1,"Radio Okapi","National ","20-21 September. FARDC regained several territory from the Mai-Mai Yakutumba along the border between Maniema and South-Kivu over two days of fighting. On the first day, fighting in Tubangoyi (Sud-Kivu) left fatalities on both sides. The next day, clashes were reported in Kabeya (Maniema), Mai Ndombe (Sud-Kivu) and Kilembwe (Sud-Kivu). Coordinates of Tubangoyi and Mai Ndombe are approximates based on humanitarian maps.",0,1538773395,COD
1884046,180,DRC12898,12898,"21 September 2018",2018,1,"Battle-Government regains territory","Military Forces of Democratic Republic of Congo (2001-)",,1,"Mayi Mayi Militia (Yakutumba)",,3,13,"Middle Africa","Democratic Republic of Congo",Maniema,Sud-Kivu,Fizi,Maindombe,-4.1696,28.1172,2,"Radio Okapi","National ","20-21 September. FARDC regained several territory from the Mai-Mai Yakutumba along the border between Maniema and South-Kivu over two days of fighting. On the first day, fighting in Tubangoyi (Sud-Kivu) left fatalities on both sides. The next day, clashes were reported in Kabeya (Maniema), Mai Ndombe (Sud-Kivu) and Kilembwe (Sud-Kivu). Coordinates of Tubangoyi and Mai Ndombe are approximates based on humanitarian maps.",0,1538773395,COD
1884047,180,DRC12899,12899,"21 September 2018",2018,1,"Battle-Government regains territory","Military Forces of Democratic Republic of Congo (2001-)",,1,"Mayi Mayi Militia (Yakutumba)",,3,13,"Middle Africa","Democratic Republic of Congo",Sud-Kivu,Sud-Kivu,Fizi,Kilembwe,-3.95,28.0167,1,"Radio Okapi","National ","20-21 September. FARDC regained several territory from the Mai-Mai Yakutumba along the border between Maniema and South-Kivu over two days of fighting. On the first day, fighting in Tubangoyi (Sud-Kivu) left fatalities on both sides. The next day, clashes were reported in Kabeya (Maniema), Mai Ndombe (Sud-Kivu) and Kilembwe (Sud-Kivu). Coordinates of Tubangoyi and Mai Ndombe are approximates based on humanitarian maps.",0,1538773395,COD
1884048,180,DRC12900,12900,"21 September 2018",2018,1,"Battle-No change of territory","Mayi Mayi Militia",,3,"Military Forces of Democratic Republic of Congo (2001-)",,1,13,"Middle Africa","Democratic Republic of Congo",Nord‐Kivu,Butembo,Butembo,Butembo,0.1337,29.289,1,"Radio Okapi","National ","21 September. Two alleged Mayi-Mayi were killed in an armed attack in the town of Butembo in North Kivu. ",2,1538773395,COD
1884042,180,DRC12894,12894,"20 September 2018",2018,1,"Battle-Government regains territory","Military Forces of Democratic Republic of Congo (2001-)",,1,"Mayi Mayi Militia (Yakutumba)",,3,13,"Middle Africa","Democratic Republic of Congo",Sud-Kivu,Sud-Kivu,Fizi,Tubangoye,-4.1342,28.0356,2,"Radio Okapi","National ","20-21 September. FARDC regained several territory from the Mai-Mai Yakutumba along the border between Maniema and South-Kivu over two days of fighting. On the first day, fighting in Tubangoyi (Sud-Kivu) left fatalities on both sides. The next day, clashes were reported in Kabeya (Maniema), Mai Ndombe (Sud-Kivu) and Kilembwe (Sud-Kivu). Coordinates of Tubangoyi and Mai Ndombe are approximates based on humanitarian maps.",10,1538773395,COD
1884043,180,DRC12895,12895,"20 September 2018",2018,1,Riots/Protests,"Protesters (Democratic Republic of Congo)","LUCHA: Fight for Change",6,,,0,60,"Middle Africa","Democratic Republic of Congo",Nord‐Kivu,Beni,Beni,Beni,0.4966,29.4654,1,"Radio Okapi","National ","20 September. LUCHA activists marched in the cities of Beni and Kasindi in Beni territory to demand the holding of credible and peaceful elections in the DRC.",0,1538773395,COD
1884044,180,DRC12896,12896,"20 September 2018",2018,1,Riots/Protests,"Protesters (Democratic Republic of Congo)","LUCHA: Fight for Change",6,,,0,60,"Middle Africa","Democratic Republic of Congo",Nord‐Kivu,Nord‐Kivu,Walikale,Kasindi,-1.65,28.0833,1,"Radio Okapi","National ","20 September. LUCHA activists marched in the cities of Beni and Kasindi in Beni territory to demand the holding of credible and peaceful elections in the DRC.",0,1538773395,COD
1883650,180,DRC12903,12903,"20 September 2018",2018,1,"Battle-No change of territory","Mayi Mayi Militia (Kifuafua)",,3,"Mayi Mayi Militia (Kirikicho)","Mayi Mayi Militia (Kifuafua) Ngendo Faction",3,33,"Middle Africa","Democratic Republic of Congo",Nord-Kivu,Nord-Kivu,Walikale,Busurungi,-1.7167,28.5833,1,"Kivu Security","National ","20 September. The Mai-Mai Kifuafua Delphin Mbaenda attacked and chased after the Mai-Mai Kirikicho and Shalio at Busurungi village in Walikale territory. ",0,1538773383,COD
1884040,180,DRC12892,12892,"19 September 2018",2018,1,"Battle-No change of territory","Military Forces of Democratic Republic of Congo (2001-)",,1,"Mayi Mayi Militia (Yakutumba)",,3,13,"Middle Africa","Democratic Republic of Congo",Sud-Kivu,Sud-Kivu,Fizi,Kipupu,-3.785,29.092,1,"Radio Okapi","National ","19 September. The commander of the Mayi-Mayi Yakutumba group, Dokis, was killed during heavy clashes with the military in Kipupu, South Kivu.",1,1538773395,COD
1884041,180,DRC12893,12893,"19 September 2018",2018,1,"Violence against civilians","Police Forces of Democratic Republic of Congo (2001-)",,1,"Protesters (Democratic Republic of Congo)","CCAC: Civil Society Action Group",6,16,"Middle Africa","Democratic Republic of Congo",Kinshasa,Kinshasa,"Kinshasa Urban",Kinshasa,-4.325,15.3222,1,"Radio Okapi","National ","19 September. Five people were wounded, three seriously when police repressed a demonstration organised by the Civil Society Action Group (CCAC) in Kinshasa.",0,1538773395,COD
1884038,180,DRC12890,12890,"18 September 2018",2018,1,"Battle-No change of territory","Unidentified Armed Group (Democratic Republic of Congo)",,3,"Military Forces of Democratic Republic of Congo (2001-)",,1,13,"Middle Africa","Democratic Republic of Congo",Orientale,Ituri,Djugu,Jiro,2.043,30.4429,2,"Radio Okapi","National ","18 September. Five unknown gunmen were killed in clashes with the FARDC in Jiro, a town 62 kilometers north of Bunia in the Walendu Tatsi Sector of Djugu Territory (approx. Coordinates used).",5,1538773395,COD
1884039,180,DRC12891,12891,"18 September 2018",2018,1,"Battle-No change of territory","ADF: Allied Democratic Forces",,2,"Military Forces of Democratic Republic of Congo (2001-)",,1,12,"Middle Africa","Democratic Republic of Congo",Nord‐Kivu,Nord‐Kivu,Oicha,"Kokola I",0.7848,29.6026,1,"Radio Okapi","National ","18 September. A person was killed during the attack on an FARDC position by alleged ADF rebels in Kokola, about 40km north of the city of Beni (North Kivu).",1,1538773395,COD
1884036,180,DRC12888,12888,"17 September 2018",2018,1,"Battle-No change of territory","Military Forces of Democratic Republic of Congo (2001-)",,1,"Mayi Mayi Militia",,3,13,"Middle Africa","Democratic Republic of Congo",Sud-Kivu,Sud-Kivu,Fizi,Kilembwe,-3.95,28.0167,1,"Radio Okapi","National ","17 September. Renewed clashes between the FARDC and Mayi-Mayi coalition groups in Kilembwe, in the territory of Fizi.",0,1538773395,COD
1884037,180,DRC12889,12889,"17 September 2018",2018,1,"Battle-No change of territory","Mayi Mayi Militia (Raia Mutomboki-Kizamoto)",,3,"Military Forces of Democratic Republic of Congo (2001-)",,1,13,"Middle Africa","Democratic Republic of Congo",Sud-Kivu,Sud-Kivu,Shabunda,Shabunda,-2.6944,27.3465,2,"Radio Okapi","National ","17 September. The Raia Mutomboki Kizamoto coalition leader was shot dead in clashes with the FARDC  in the Bamuguba grouping in Shabunda territory (South Kivu).",1,1538773395,COD
1883649,180,DRC12902,12902,"17 September 2018",2018,1,"Battle-No change of territory","Unidentified Armed Group (Democratic Republic of Congo)",,3,"Police Forces of Democratic Republic of Congo (2001-)",,1,13,"Middle Africa","Democratic Republic of Congo",Nord-Kivu,Nord-Kivu,Masisi,Rubaya,-1.5436,28.8685,1,"Kivu Security","National ","17 September.  Unidentified gunmen raided Rubaya village in Masisi territory. The attackers killed a policeman, a man and a woman. They also injured four people.",3,1538773383,COD
1884893,180,DRC12916,12916,"17 September 2018",2018,1,"Strategic development","LRA: Lords Resistance Army",,2,"Civilians (Democratic Republic of Congo)",,7,27,"Middle Africa","Democratic Republic of Congo",Orientale,Haut-Uele,Dungu,Bangadi,4.1416,27.8997,2,"LRA Crisis Tracker",International,"Looting: 17 September. Two LRA combatants ambushed and looted two men 30km south of Bangadi.",0,1539033714,COD
1884894,180,DRC12917,12917,"17 September 2018",2018,1,"Violence against civilians","LRA: Lords Resistance Army",,2,"Civilians (Democratic Republic of Congo)",,7,27,"Middle Africa","Democratic Republic of Congo",Orientale,Haut-Uele,Dungu,Bangadi,4.1416,27.8997,2,"LRA Crisis Tracker",International,"17 September. Two armed LRA combatants abducted a young girl 30 km south of Bangadi.",0,1539033714,COD
1884035,180,DRC12887,12887,"16 September 2018",2018,1,"Violence against civilians","Unidentified Armed Group (Democratic Republic of Congo)",,3,"Civilians (Democratic Republic of Congo)","Police Forces of Democratic Republic of Congo (2001-) Prison Guards",7,37,"Middle Africa","Democratic Republic of Congo",Nord‐Kivu,Nord‐Kivu,Rutshuru,Kiwanja,-1.1496,29.4264,1,"Radio Okapi","National ","16 September. The Director of Rutshuru Prison and his wife were killed in their home by unidentified gunmen in Kiwanja City, about 70 km north of Goma. ",2,1538773395,COD
1884031,180,DRC12883,12883,"15 September 2018",2018,1,"Battle-No change of territory","Unidentified Armed Group (Democratic Republic of Congo)",,3,"Military Forces of Democratic Republic of Congo (2001-)",,1,13,"Middle Africa","Democratic Republic of Congo",Orientale,Ituri,Djugu,Songamoya,1.7457,30.743,2,"Radio Okapi","National ","15 September. Eleven people, including one soldier, were killed in attacks on FARDC naval forces' positions in Muvaramu, Songamoya and Tara in Djugu territory (Ituri) between 15-16 September. 11 fatalities spread across the three locations. Approx. Coordinates used for all locations at around 80km north of Bunia along the Lake Albert.",4,1538773395,COD
1884032,180,DRC12884,12884,"15 September 2018",2018,1,"Battle-No change of territory","Unidentified Armed Group (Democratic Republic of Congo)",,3,"Military Forces of Democratic Republic of Congo (2001-)",,1,13,"Middle Africa","Democratic Republic of Congo",Orientale,Ituri,Djugu,Tara,1.7189,30.7336,2,"Radio Okapi","National ","15 September. Eleven people, including one soldier, were killed in attacks on FARDC naval forces' positions in Muvaramu, Songamoya and Tara in Djugu territory (Ituri) between 15-16 September. 11 fatalities spread across the three locations. Approx. Coordinates used for all locations at around 80km north of Bunia along the Lake Albert.",4,1538773395,COD
1884033,180,DRC12885,12885,"15 September 2018",2018,1,"Battle-No change of territory","Unidentified Armed Group (Democratic Republic of Congo)",,3,"Military Forces of Democratic Republic of Congo (2001-)",,1,13,"Middle Africa","Democratic Republic of Congo",Orientale,Ituri,Djugu,Muvamaru,1.7034,30.7181,2,"Radio Okapi","National ","15 September. Eleven people, including one soldier, were killed in attacks on FARDC naval forces' positions in Muvaramu, Songamoya and Tara in Djugu territory (Ituri) between 15-16 September. 11 fatalities spread across the three locations. Approx. Coordinates used for all locations at around 80km north of Bunia along the Lake Albert.",3,1538773395,COD
1884034,180,DRC12886,12886,"15 September 2018",2018,1,"Battle-No change of territory","Tshiyoyo Militia",,3,"Military Forces of Democratic Republic of Congo (2001-)",,1,13,"Middle Africa","Democratic Republic of Congo",Kasai‐Occidental,Kananga,Kananga,Kananga,-5.8958,22.4178,2,"Twitter Source","National ","15 September. At least 10 people were seriously injured in a clash between security forces and alleged Tshiyoyo militiamen in Tshipidinga locality, in the vicinity of Kananga airport.",0,1538773395,COD
1883648,180,DRC12901,12901,"15 September 2018",2018,1,"Battle-No change of territory","Military Forces of Democratic Republic of Congo (2001-)","Military Forces of Burundi (2005-)",1,"RED-TABARA: Resistance to the Rule of Law in Burundi",,2,12,"Middle Africa","Democratic Republic of Congo",Sud-Kivu,Sud-Kivu,Uvira,Uvira,-3.3953,29.1378,1,"Kivu Security","National ","15 September. The FARDC went to support the Burundian army at Gatumba border post during a RED TABARA attack. During the attackers' retreat, they killed three FARDC soldiers and two children on Congolese soil in the rural commune of Uvira.",5,1538773383,COD
1859638,180,DRC12878,12878,"12 September 2018",2018,1,"Battle-No change of territory","Mayi Mayi Militia",,3,"Police Forces of Democratic Republic of Congo (2001-)",,1,13,"Middle Africa","Democratic Republic of Congo",Nord-Kivu,Beni,Beni,Maboya,0.2878,29.3396,1,"Radio Okapi",National,"12 September. A police officer was killed Wednesday (September 12th) in Maboya in Beni territory in an attack attributed to the Mai-Mai.",1,1537223010,COD
1859639,180,DRC12879,12879,"12 September 2018",2018,1,"Violence against civilians","Military Forces of Uganda (1986-)",,8,"Civilians (Democratic Republic of Congo)",,7,17,"Middle Africa","Democratic Republic of Congo",Nord-Kivu,Nord-Kivu,Rutshuru,"Lake Edward",-0.3675,29.573,1,"Agence France Presse",International,"12 September. DR Congo's navy on Wednesday accused Ugandan troops of killing four Congolese fishermen after their bodies surfaced on Lake Edward.",4,1537223010,COD
1859640,180,DRC12880,12880,"12 September 2018",2018,1,"Violence against civilians","FRPI: Front for Patriotic Resistance of Ituri",,3,"Civilians (Democratic Republic of Congo)",,7,37,"Middle Africa","Democratic Republic of Congo",Orientale,Ituri,Irumu,Irumu,1.4382,29.8447,2,"Facebook Source",National,"12 September. An alleged FRPI militiamen shot and killed a student in the village called ""Supreme"", located 93 kilometers south of Bunia in the Walendu Bindi chiefdom in Irumu territory.",1,1537223010,COD
1859637,180,DRC12877,12877,"10 September 2018",2018,1,"Strategic development","Military Forces of Democratic Republic of Congo (2001-)",,1,,,0,10,"Middle Africa","Democratic Republic of Congo",Nord-Kivu,Nord-Kivu,Rutshuru,Butale,-1.1417,29.2508,1,"Radio Okapi",National,"Movement of forces: 10 September. The Armed Forces of the DRC deployed a unit in Butale. The deployment is due to a recent visit of an area chief",0,1537223010,COD
1859632,180,DRC12872,12872,"09 September 2018",2018,1,"Battle-No change of territory","ADF: Allied Democratic Forces",,2,"Military Forces of Democratic Republic of Congo (2001-)",,1,12,"Middle Africa","Democratic Republic of Congo",Nord-Kivu,Beni,Beni,Ngadi,0.5423,29.4903,1,"Radio Okapi",National,"09 September. A person was killed in a suspected ADF attack FARDC positions in two neighbourhoods (Ngadi and Nzuma) in Beni.",1,1537223010,COD
1859633,180,DRC12873,12873,"09 September 2018",2018,1,"Battle-No change of territory","ADF: Allied Democratic Forces",,2,"Military Forces of Democratic Republic of Congo (2001-)",,1,12,"Middle Africa","Democratic Republic of Congo",Nord-Kivu,Beni,Beni,Nzuma,-5.4167,15.2833,1,"Radio Okapi",National,"09 September. A person was killed in a suspected ADF attack FARDC positions in two neighbourhoods (Ngadi and Nzuma) in Beni.",0,1537223010,COD
1859634,180,DRC12874,12874,"09 September 2018",2018,1,"Battle-No change of territory","Police Forces of Democratic Republic of Congo (2001-)",,1,"Government of Democratic Republic of Congo (2001-)",,1,11,"Middle Africa","Democratic Republic of Congo",Katanga,Tanganyka,Kalemie,Bendera,-5.0667,28.9151,1,"Radio Okapi",National,"09 September. Police shoot and member of the National Intelligence Agency in Bendera during an altercation.",1,1537223010,COD
1859635,180,DRC12875,12875,"09 September 2018",2018,1,"Violence against civilians","Military Forces of Democratic Republic of Congo (2001-)",,1,"Civilians (Democratic Republic of Congo)",,7,17,"Middle Africa","Democratic Republic of Congo",Nord-Kivu,Goma,Goma,Goma,-1.6933,29.2339,2,"Radio Okapi",National,"09 September. Republican Guard soldier was arrested for shooting a civilian at the public port of Goma (North Kivu). The victim was shot and wounded as he opened the door from his home to answer the call of soldiers. Motives unknown.",0,1537223010,COD
1859636,180,DRC12876,12876,"09 September 2018",2018,1,"Violence against civilians","LRA: Lords Resistance Army",,2,"Civilians (Democratic Republic of Congo)","Government of Democratic Republic of Congo (2001-)",7,27,"Middle Africa","Democratic Republic of Congo",Orientale,Bas-Uele,Ango,Dikumba,3.5667,25.8,1,"Radio Okapi",National,"09 September. Two agents of the Congolese Institute for the Conservation of Nature were seriously injured during an ambush held on their convoy by suspected LRA rebels in Banda, an area in Dikuma.",0,1537223010,COD
1859631,180,DRC12871,12871,"08 September 2018",2018,1,Riots/Protests,"Rioters (Democratic Republic of Congo)",,5,"Rioters (Democratic Republic of Congo)",,5,55,"Middle Africa","Democratic Republic of Congo",Nord-Kivu,Nord-Kivu,Walikale,Mangobo,-0.33,28.12,1,"Radio Okapi",National,"08 September. Twenty people were seriously injured, shops and houses looted and many other material damage reported during the skirmishes in the evening at Balese neighbourhood in Mangobo commune in Kisangani. The unrest stemmed from a dispute between the Kata motorcycle youth association of the Matete district and the Bourgeois youth association of the Balese district.",0,1537223010,COD
1884030,180,DRC12882,12882,"07 September 2018",2018,2,"Battle-No change of territory","Mayi Mayi Militia (Raia Mutomboki-Binakwa)",,3,"Police Forces of Democratic Republic of Congo (2001-)",,1,13,"Middle Africa","Democratic Republic of Congo",Sud-Kivu,Sud-Kivu,Shabunda,Bulumbu,-2.6944,27.3465,2,"Kivu Security","National ","On or before 07 September. The Raia Mutomboki Kokodikoko shot and killed a policeman in Bulumbu village in Bamuguba Sud grouping, east Shabunda (coordinate approx. based on source map). The policeman killed was the commander of the Kigulube police station. ",1,1538773395,COD
1756329,180,DRC12866,12866,"05 September 2018",2018,1,"Battle-No change of territory","Military Forces of Democratic Republic of Congo (2001-)",,1,"Mayi Mayi Militia (Nyatura)",,3,13,"Middle Africa","Democratic Republic of Congo",Nord-Kivu,Nord-Kivu,Rutshuru,Rugari,-1.4131,29.3731,1,"Twitter source",National,"05 September. Clashes between the FARDC and Nyatura fighters left at least two civilians killed and five seriously injured in the town of Rugari, Rutshutru territory, North Kivu. Among the wounded, there are two soldiers.",2,1536611204,COD
1756322,180,DRC12859,12859,"04 September 2018",2018,1,"Violence against civilians","Police Forces of Democratic Republic of Congo (2001-)",,1,"Protesters (Democratic Republic of Congo)","LUCHA: Fight for Change; Journalists (Democratic Republic of Congo)",6,16,"Middle Africa","Democratic Republic of Congo",Kinshasa,Kinshasa,"Kinshasa Urban",Kinshasa,-4.325,15.3222,1,PANA,Regional,"04 September. At least 23 peaceful protesters were injured, six of them severely, while another 89 were arrested in the capital Kinshasa, and in Goma, Lubumbashi, Bukavu, Mbandaka, Mbuji-Mayi and Tshikapa as police violently dispersed peaceful protests on the use of electronic voting machines in the upcoming elections slated for 23 December. Among the arrested were seven LUCHA activists, they were released the following day.",0,1536611204,COD
1756323,180,DRC12860,12860,"04 September 2018",2018,1,"Violence against civilians","Police Forces of Democratic Republic of Congo (2001-)",,1,"Protesters (Democratic Republic of Congo)","LUCHA: Fight for Change; Journalists (Democratic Republic of Congo)",6,16,"Middle Africa","Democratic Republic of Congo",Nord-Kivu,Goma,Goma,Goma,-1.6933,29.2339,1,PANA,Regional,"04 September. At least 23 peaceful protesters were injured, six of them severely, while another 89 were arrested in the capital Kinshasa, and in Goma, Lubumbashi, Bukavu, Mbandaka, Mbuji-Mayi and Tshikapa as police violently dispersed peaceful protests on the use of electronic voting machines in the upcoming elections slated for 23 December. Among the arrested were seven LUCHA activists, they were released the following day.",0,1536611204,COD
1756324,180,DRC12861,12861,"04 September 2018",2018,1,"Violence against civilians","Police Forces of Democratic Republic of Congo (2001-)",,1,"Protesters (Democratic Republic of Congo)","LUCHA: Fight for Change; Journalists (Democratic Republic of Congo)",6,16,"Middle Africa","Democratic Republic of Congo",Katanga,Lubumbashi,Lubumbashi,Lubumbashi,-11.6596,27.4741,1,PANA,Regional,"04 September. At least 23 peaceful protesters were injured, six of them severely, while another 89 were arrested in the capital Kinshasa, and in Goma, Lubumbashi, Bukavu, Mbandaka, Mbuji-Mayi and Tshikapa as police violently dispersed peaceful protests on the use of electronic voting machines in the upcoming elections slated for 23 December. Among the arrested were seven LUCHA activists, they were released the following day.",0,1536611204,COD
1756325,180,DRC12862,12862,"04 September 2018",2018,1,"Violence against civilians","Police Forces of Democratic Republic of Congo (2001-)",,1,"Protesters (Democratic Republic of Congo)","LUCHA: Fight for Change; Journalists (Democratic Republic of Congo)",6,16,"Middle Africa","Democratic Republic of Congo",Sud-Kivu,Bukavu,Bukavu,Bukavu,-2.5,28.8667,1,PANA,Regional,"04 September. At least 23 peaceful protesters were injured, six of them severely, while another 89 were arrested in the capital Kinshasa, and in Goma, Lubumbashi, Bukavu, Mbandaka, Mbuji-Mayi and Tshikapa as police violently dispersed peaceful protests on the use of electronic voting machines in the upcoming elections slated for 23 December. Among the arrested were seven LUCHA activists, they were released the following day.",0,1536611204,COD
1756326,180,DRC12863,12863,"04 September 2018",2018,1,"Violence against civilians","Police Forces of Democratic Republic of Congo (2001-)",,1,"Protesters (Democratic Republic of Congo)","LUCHA: Fight for Change; Journalists (Democratic Republic of Congo)",6,16,"Middle Africa","Democratic Republic of Congo",Equateur,Mbandaka,Mbandaka,Mbandaka,0.0468,18.2711,1,PANA,Regional,"04 September. At least 23 peaceful protesters were injured, six of them severely, while another 89 were arrested in the capital Kinshasa, and in Goma, Lubumbashi, Bukavu, Mbandaka, Mbuji-Mayi and Tshikapa as police violently dispersed peaceful protests on the use of electronic voting machines in the upcoming elections slated for 23 December. Among the arrested were seven LUCHA activists, they were released the following day.",0,1536611204,COD
1756327,180,DRC12864,12864,"04 September 2018",2018,1,"Violence against civilians","Police Forces of Democratic Republic of Congo (2001-)",,1,"Protesters (Democratic Republic of Congo)","LUCHA: Fight for Change; Journalists (Democratic Republic of Congo)",6,16,"Middle Africa","Democratic Republic of Congo",Kasai-Oriental,Mbuji-Mayi,Mbuji-Mayi,"Mbuji Mayi",-6.15,23.6,1,PANA,Regional,"04 September. At least 23 peaceful protesters were injured, six of them severely, while another 89 were arrested in the capital Kinshasa, and in Goma, Lubumbashi, Bukavu, Mbandaka, Mbuji-Mayi and Tshikapa as police violently dispersed peaceful protests on the use of electronic voting machines in the upcoming elections slated for 23 December. Among the arrested were seven LUCHA activists, they were released the following day.",0,1536611204,COD
1756328,180,DRC12865,12865,"04 September 2018",2018,1,"Violence against civilians","Police Forces of Democratic Republic of Congo (2001-)",,1,"Protesters (Democratic Republic of Congo)","LUCHA: Fight for Change; Journalists (Democratic Republic of Congo)",6,16,"Middle Africa","Democratic Republic of Congo",Kasai-Occidental,Kasai,Kamonia,Tshikapa,-6.4191,20.7928,1,PANA,Regional,"04 September. At least 23 peaceful protesters were injured, six of them severely, while another 89 were arrested in the capital Kinshasa, and in Goma, Lubumbashi, Bukavu, Mbandaka, Mbuji-Mayi and Tshikapa as police violently dispersed peaceful protests on the use of electronic voting machines in the upcoming elections slated for 23 December. Among the arrested were seven LUCHA activists, they were released the following day.",0,1536611204,COD
1756320,180,DRC12857,12857,"03 September 2018",2018,1,"Violence against civilians","Police Forces of Democratic Republic of Congo (2001-)",,1,"Protesters (Democratic Republic of Congo)","LUCHA: Fight for Change; Journalists (Democratic Republic of Congo)",6,16,"Middle Africa","Democratic Republic of Congo",Nord-Kivu,Goma,Goma,Goma,-1.6933,29.2339,1,"Radio Okapi",National,"03 September. Fifteen activists from the Citizen's Struggle for Change movement (LUCHA) were wounded and admitted to the hospital as police dispersed a march initiated by the movement in Goma. During the demonstration, three local journalists were assaulted by the police.",0,1536611204,COD
1756321,180,DRC12858,12858,"03 September 2018",2018,1,"Battle-No change of territory","ADF-NALU: Allied Democratic Forces-National Army for the Liberation of Uganda",,2,"Military Forces of Democratic Republic of Congo (2001-)",,1,12,"Middle Africa","Democratic Republic of Congo",Nord-Kivu,Beni,Beni,Beni,0.4966,29.4654,2,"Radio Okapi",National,"03 September. The ADF attacked a FARDC position in Ngadi, about 12 km from the centre of Beni city near the Rwenzori forest but they were repelled. Loyalist forces repelled them after violent clashes. Civil society claims that several assets of the population were looted by the alleged ADF during this attack.",0,1536611204,COD
1884029,180,DRC12881,12881,"03 September 2018",2018,2,"Battle-No change of territory","Military Forces of Democratic Republic of Congo (2001-)",,1,"Unidentified Armed Group (Democratic Republic of Congo)",,3,13,"Middle Africa","Democratic Republic of Congo",Sud-Kivu,Sud-Kivu,Kalehe,Limbushi,-2.1,28.9167,1,"Kivu Security","National ","On or before 03 September. The FARDC attacked unidentified gunmen who wanted to occupy the Luziba mine site in Lumbishi village in Kalehe territory.",0,1538773395,COD
1756319,180,DRC12856,12856,"01 September 2018",2018,1,Riots/Protests,"Rioters (Democratic Republic of Congo)","MLC: Movement for the Liberation of Congo",5,"Rioters (Democratic Republic of Congo)","FCC: Common Front for Congo",5,55,"Middle Africa","Democratic Republic of Congo",Equateur,Sud-Ubangi,Gemena,Gemena,3.25,19.7667,2,"Radio Okapi",National,"01 September. Militants of the Mouvement de liberation du Congo and those of the Common Front for Congo (FCC) threw stones at each other and clashed as they gathered to greet their respective delegations at the Gemena airport (South Ubangi). The MLC militants began throwing stones at the FCC ones after learning that their delegation would not land in Gemena.",0,1536611204,COD
1859630,180,DRC12870,12870,"01 September 2018",2018,2,"Battle-No change of territory","FDLR-FOCA: Democratic Forces for the Liberation of Rwanda- Forces fighting Abacunguzi","FDP: Federal Democratic Party",2,"Military Forces of Democratic Republic of Congo (2001-)",,1,12,"Middle Africa","Democratic Republic of Congo",Nord-Kivu,Nord-Kivu,Rutshuru,Rutshuru,-1.1869,29.4461,2,"Kivu Security",National,"On or before 01 September. The FDLR-FOCA and Nyatura FDP coalition counter-attacked an FARDC position in Machazo village in Rutshuru territory. This attack resulted in one FARDC soldier killed and another wounded.",1,1537223010,COD
1756317,180,DRC12854,12854,"31 August 2018",2018,1,"Violence against civilians","ADF-NALU: Allied Democratic Forces-National Army for the Liberation of Uganda",,2,"Civilians (Democratic Republic of Congo)",,7,27,"Middle Africa","Democratic Republic of Congo",Nord-Kivu,Nord-Kivu,Oicha,"Kakuka I",0.9067,29.7887,2,"Radio Okapi",National,"31 August. Five people were killed by suspected ADF rebels in Kakuka at the border with Ituri.",5,1536611204,COD
1756318,180,DRC12855,12855,"31 August 2018",2018,1,"Violence against civilians","LRA: Lords Resistance Army",,2,"Civilians (Democratic Republic of Congo)",,7,27,"Middle Africa","Democratic Republic of Congo",Orientale,Bas-Uele,Ango,Ango,4.0296,25.8471,2,"Radio Okapi",National,"31 August. 18 people kidnapped as LRA attacked Sili village in Ango territory (Bas-Uele).",0,1536611204,COD
1756316,180,DRC12853,12853,"29 August 2018",2018,1,"Violence against civilians","NDC-G: Nduma Defence of Congo (Guidon)",,3,"Civilians (Democratic Republic of Congo)",,7,37,"Middle Africa","Democratic Republic of Congo",Nord-Kivu,Nord-Kivu,Walikale,Kibua,-1.2644,28.3769,1,"Radio Okapi",National,"29 August. The vice president of the youth of the locality of Mera in the territory of Walikale (North Kivu) was murdered by alleged Mai-Mai fighters of the NDC-Renovated Mwissa Shirirayi, aka Guidon in Kibua.",1,1536611204,COD
1756313,180,DRC12850,12850,"27 August 2018",2018,2,"Battle-No change of territory","Military Forces of Democratic Republic of Congo (2001-)",,1,"NDC-R: Nduma Defence of Congo (Renewal)",,3,13,"Middle Africa","Democratic Republic of Congo",Nord-Kivu,Nord-Kivu,Lubero,Kasugho,-0.2559,29.0003,1,"Radio Okapi",National,"27 August - on or about. Elements of the NDC / Renove tried to enter the agglomeration of Kasugho in the south of Lubero territory (North Kivu) but were repulsed by the army. At least 4 of their elements were killed and another captured.",4,1536611204,COD
1756314,180,DRC12851,12851,"27 August 2018",2018,1,"Battle-Non-state actor overtakes territory","NDC-R: Nduma Defence of Congo (Renewal)",,3,"Mayi Mayi Militia (Mazembe)",,3,33,"Middle Africa","Democratic Republic of Congo",Nord-Kivu,Nord-Kivu,Lubero,Lubero,-0.1587,29.2386,2,"Radio Okapi",National,"27 August. The militiamen of the Nduma defence of Congo (NDC / Renove) movement attacked the Mai-Mai Mazembe in the Pitakongo village in the south of Lubero territory (North Kivu). NDC won after a 2h battle. Some dead and wounded reported. The village had been under Mazembe control for the last three years. Unknown casualties coded as 5.",5,1536611204,COD
1756315,180,DRC12852,12852,"27 August 2018",2018,1,"Violence against civilians","LRA: Lords Resistance Army",,2,"Civilians (Democratic Republic of Congo)",,7,27,"Middle Africa","Democratic Republic of Congo",Orientale,Bas-Uele,Ango,Ango,4.0296,25.8471,2,"Radio Okapi",National,"27 August. 21 people kidnapped as LRA attacked Sili village in Ango territory (Bas-Uele).",0,1536611204,COD
1756311,180,DRC12848,12848,"26 August 2018",2018,1,"Battle-No change of territory","LRA: Lords Resistance Army",,2,"Police Forces of Democratic Republic of Congo (2001-)",,1,12,"Middle Africa","Democratic Republic of Congo",Orientale,Bas-Uele,Ango,Banda,3.9043,26.2801,1,"Radio Okapi",National,"26 August. LRA elements killed two policemen in the town of Banda in Bas-Uele before taking 30 people hostage. Coded as two separate events.",2,1536611204,COD
1756312,180,DRC12849,12849,"26 August 2018",2018,1,"Violence against civilians","LRA: Lords Resistance Army",,2,"Civilians (Democratic Republic of Congo)",,7,27,"Middle Africa","Democratic Republic of Congo",Orientale,Bas-Uele,Ango,Banda,3.9043,26.2801,1,"Radio Okapi",National,"26 August. LRA elements killed two policemen in the town of Banda in Bas-Uele before taking 30 people hostage. Coded as two separate events.",0,1536611204,COD
1742460,180,DRC12843,12843,"25 August 2018",2018,1,Riots/Protests,"Protesters (Democratic Republic of Congo)","PALU: Unified Lumumbist Party",6,,,0,60,"Middle Africa","Democratic Republic of Congo",Bandundu,Kwilu,Gungu,Gungu,-5.7998,19.3141,1,"Radio Okapi",Subnational,"On August 25, members of the Unified Lumumbist Party (PALU) demonstrated in Gungu city, capital of Kwilu territory, against the inadmissibility of the candidacies of Antoine Gizenga and Adolphe Muzito in upcoming elections in that territory.",0,1536004167,COD
1756310,180,DRC12847,12847,"25 August 2018",2018,1,Riots/Protests,"Rioters (Democratic Republic of Congo)","PALU: Unified Lumumbist Party",5,"Police Forces of Democratic Republic of Congo (2001-)",,1,15,"Middle Africa","Democratic Republic of Congo",Bandundu,Kwilu,Gungu,Gungu,-5.7998,19.3141,1,"Radio Okapi",National,"25 August. Five people were wounded after supporters of the Unified Lumumbist Party (PALU) who had come down to ransack their party headquarters in Gungu clashed with the police in Gungu. This followed the invalidation of Antoine Gizenga's and Muzito's files in the next presidential election.",0,1536611204,COD
1859629,180,DRC12869,12869,"21 August 2018",2018,2,"Violence against civilians","Police Forces of Democratic Republic of Congo (2001-)",,1,"Civilians (Democratic Republic of Congo)","Prisoners (Democratic Republic of Congo)",7,17,"Middle Africa","Democratic Republic of Congo",Nord-Kivu,Nord-Kivu,Walikale,Kasindi,-1.65,28.0833,1,"Kivu Security",National,"On or before 21 August. The police tortured a man arrested for kidnapping in the rural commune of Kasindi. The victim died of his injuries in jail.",1,1537223010,COD
1859628,180,DRC12868,12868,"20 August 2018",2018,2,"Battle-No change of territory","ADF: Allied Democratic Forces",,2,"Military Forces of Democratic Republic of Congo (2001-)","MONUSCO: United Nations Organization Stabilization Mission in Democratic Republic of Congo (2010-)",1,12,"Middle Africa","Democratic Republic of Congo",Nord-Kivu,Beni,Beni,Mukoko,-5.25,27.0667,1,"Kivu Security",National,"On or before 24 August. The ADF raided Mukoko village in Beni territory. Alerted by the population, the FARDC, supported by MONUSCO contingents, attacked and chased the attackers from the village.",0,1537223010,COD
1742459,180,DRC12842,12842,"19 August 2018",2018,1,"Violence against civilians","Mayi Mayi Militia (Hapa na pale)",,3,"Civilians (International)","ICRC: International Committee of the Red Cross and Red Crescent",7,37,"Middle Africa","Democratic Republic of Congo",Katanga,Tanganyka,Kongolo,Kongolo,-5.3833,27,2,"Radio Okapi",Subnational,"On August 19, four employees of the Red Cross have been kidnapped by a group of Hapa Na Pale Mayi Mayi militants in Tanganyika province. The incident occurred in Mponda Luganza, within Kongolo territory.",0,1536004167,COD
1859627,180,DRC12867,12867,"17 August 2018",2018,2,"Violence against civilians","Military Forces of Democratic Republic of Congo (2001-)",,1,"Civilians (Democratic Republic of Congo)",,7,17,"Middle Africa","Democratic Republic of Congo",Nord-Kivu,Nord-Kivu,Rutshuru,Kasoko,-4.8849,24.315,1,"Kivu Security",National,"On or before 17 August. An FARDC soldier shot two civilians in Kasoko village in Rutshuru territory. The incident took place at a roadblocks set up by the FARDC where they taxed passersby. One fatality, one injury.",1,1537223010,COD
1742458,180,DRC12841,12841,"15 August 2018",2018,1,"Violence against civilians","Military Forces of Angola (1975-)",,8,"Civilians (Democratic Republic of Congo)",,7,78,"Middle Africa","Democratic Republic of Congo",Bas-Congo,Bas-Fleuve,Lukula,Lukula,-5.3665,12.9315,2,"Radio Okapi",Subnational,"On August 15, Angolan military were accused of kidnapping more than 50 DRC civilians in Veve village, Kakongo sector, Lukula territory.",0,1536004167,COD
1742457,180,DRC12840,12840,"13 August 2018",2018,1,"Battle-Government regains territory","Military Forces of Democratic Republic of Congo (2001-)",,1,"NDC-R: Nduma Defence of Congo (Renewal)",,3,13,"Middle Africa","Democratic Republic of Congo",Nord-Kivu,Nord-Kivu,Lubero,Lubero,-0.1587,29.2386,2,"Radio Okapi",Subnational,"On August 13, the FARDC launched two simultaneous military operations against the NDC / Renovated Guidon in Kaheri and Kasuo in Lubero territory (North Kivu). One soldier died in the attack and 4 militiamen. The two villages have been occupied by the militants for over a year. The militants were forced to retreat to Kasuo following the FARDC operation.",5,1536004167,COD
1742455,180,DRC12838,12838,"11 August 2018",2018,1,"Violence against civilians","ADF: Allied Democratic Forces",,2,"Civilians (Democratic Republic of Congo)",,7,27,"Middle Africa","Democratic Republic of Congo",Nord-Kivu,Nord-Kivu,Oicha,Mayimoya,0.7703,29.5697,1,"Radio Okapi",Subnational,"On August 11, six civilians were killed and dozens of cattle looted by alleged ADF in the city of MayiMoya, Beni territory of North Kivu.",6,1536004167,COD
1742456,180,DRC12839,12839,"11 August 2018",2018,1,"Violence against civilians","FNL-N: National Forces of Liberation (Nzabampema Faction)",,2,"Civilians (Democratic Republic of Congo)",,7,27,"Middle Africa","Democratic Republic of Congo",Sud-Kivu,Sud-Kivu,Uvira,Uvira,-3.3953,29.1378,2,"Kivu Security Tracker",Other,"On August 11, the FNL-Nzabampema ambushed a mini bus near Kawizi village, Uvira territory, leaving two people killed, five injured and robbing money and property.",2,1536004167,COD
1742454,180,DRC12837,12837,"10 August 2018",2018,1,"Battle-No change of territory","Unidentified Armed Group (Democratic Republic of Congo)",,3,"Police Forces of Democratic Republic of Congo (2001-)",,1,13,"Middle Africa","Democratic Republic of Congo",Nord-Kivu,Nord-Kivu,Lubero,Manguredjpa,0.3401,28.7454,1,"Kivu Security Tracker",Other,"On August 10, men carrying crude weapons attacked a police station in Manguredjipa village, Lubero territory. A policeman was injured in the attack.",0,1536004167,COD
1742450,180,DRC12833,12833,"09 August 2018",2018,1,"Violence against civilians","Unidentified Armed Group (Democratic Republic of Congo)",,3,"Civilians (Democratic Republic of Congo)",,7,37,"Middle Africa","Democratic Republic of Congo",Sud-Kivu,Sud-Kivu,Kabare,Kalengera,-2.3306,28.7467,1,"Radio Okapi",Subnational,"On August 9, armed men attacked the villages of Kalengera and Kishadu in Nyangezi group in the Wulungu area (South Kivu). One person killed, one injured and a girl raped. Fatality coded in one event.",1,1536004167,COD
1742451,180,DRC12834,12834,"09 August 2018",2018,1,"Violence against civilians","Unidentified Armed Group (Democratic Republic of Congo)",,3,"Civilians (Democratic Republic of Congo)",,7,37,"Middle Africa","Democratic Republic of Congo",Sud-Kivu,Bukavu,Bukavu,Nyangezi,-2.5083,28.8608,2,"Radio Okapi",Subnational,"On August 9, armed men attacked the villages of Kalengera and Kishadu in Nyangezi group in the Wulungu area (South Kivu). One person killed, one injured and a girl raped. Fatality coded in one event.",0,1536004167,COD
1742452,180,DRC12835,12835,"09 August 2018",2018,1,"Violence against civilians","FDLR-RUD: Democratic Forces for the Liberation of Rwanda-Rally for Unity and Democracy",,2,"Civilians (International)","Aid Workers (International)",7,27,"Middle Africa","Democratic Republic of Congo",Nord-Kivu,Nord-Kivu,Rutshuru,Rutshuru,-1.1869,29.4461,2,"Kivu Security Tracker",Other,"On August 9, FDLR-RUD militants attacked a vehicle from the Norwegian NGO NRC near Ngwenda village, Rutshuru territory. The attackers abducted six of the Ngo workers and released them on the same day.",0,1536004167,COD
1742453,180,DRC12836,12836,"09 August 2018",2018,1,"Violence against civilians","Mayi Mayi Militia (Charles)",,3,"Civilians (Democratic Republic of Congo)",,7,37,"Middle Africa","Democratic Republic of Congo",Nord-Kivu,Nord-Kivu,Rutshuru,Rutshuru,-1.1869,29.4461,3,"Kivu Security Tracker",Other,"On August 9, two fishermen on their way to fishing were kidnapped by the Mai-Mai Charles, near Magiso village, Rutshuru territory.",0,1536004167,COD
1742446,180,DRC12829,12829,"08 August 2018",2018,1,"Non-violent transfer of territory","Mayi Mayi Militia (Charles)",,3,"Military Forces of Democratic Republic of Congo (2001-)",,1,13,"Middle Africa","Democratic Republic of Congo",Nord-Kivu,Nord-Kivu,Rutshuru,Rwindi,-0.7887,29.2926,2,"Radio Okapi",Subnational,"On August 8, the Mai-Mai Charles have reoccupied the bays of Tchanika and Ndwali (near Rwindi), on the southwest coast of Lake Edward, in the Virunga National Park to the boundaries with the territory of Rutshuru. This followed the departure of FARDC soldiers from their positions in the area held since August.",0,1536004167,COD
1742447,180,DRC12830,12830,"08 August 2018",2018,1,"Battle-No change of territory","ADF: Allied Democratic Forces",,2,"Military Forces of Democratic Republic of Congo (2001-)",,1,12,"Middle Africa","Democratic Republic of Congo",Nord-Kivu,Nord-Kivu,Lubero,Kasinga,-0.4167,28.85,1,"Radio Okapi",Subnational,"On August 8, two people (a woman and a soldier) were killed in an attack by alleged ADF in Kasinga, North Kivu. The ADF came from the forest of Mayangose.",2,1536004167,COD
1742448,180,DRC12831,12831,"08 August 2018",2018,1,"Battle-No change of territory","NDC-G: Nduma Defence of Congo (Guidon)",,3,"Mayi Mayi Militia (Nyatura)",,3,33,"Middle Africa","Democratic Republic of Congo",Nord-Kivu,Nord-Kivu,Lubero,Kalungu,-0.2109,29.2097,1,"Radio Okapi",Subnational,"On August 8, at least 12 civilians were killed in Kiniana, Kalungu locality, close to Kitchanga, North Kivu, during clashes between the NDC / Renove de Guidon militias and the Nyatura. According to the local police, who delivers the information, some victims have already been buried.",12,1536004167,COD
1742449,180,DRC12832,12832,"08 August 2018",2018,1,"Battle-No change of territory","Military Forces of Democratic Republic of Congo (2001-)",,1,"Unidentified Armed Group (Democratic Republic of Congo)",,3,13,"Middle Africa","Democratic Republic of Congo",Sud-Kivu,Sud-Kivu,Mwenga,Kalingi,-3.0472,28.1983,1,"Kivu Security Tracker",Other,"On August 8, FARDC soldiers were able to capture four armed men and two armed women attempting to rob a gold trading post in Kalingi village, Mwenga territory. The FARDC also recovered two AK47 weapons and a grenade.",0,1536004167,COD
1742444,180,DRC12827,12827,"07 August 2018",2018,1,Riots/Protests,"Rioters (Democratic Republic of Congo)","UDPS: Union for Democracy and Social Progress",5,"Police Forces of Democratic Republic of Congo (2001-)",,1,15,"Middle Africa","Democratic Republic of Congo",Kinshasa,Kinshasa,"Kinshasa Urban",Kinshasa,-4.325,15.3222,1,Reuters,International,"On August 7, police fired teargas at stone-throwing supporters of opposition leader Felix Tshisekedi in Kinshasa as he drove to the electoral commission to file his candidacy for president.",0,1536004167,COD
1742445,180,DRC12828,12828,"07 August 2018",2018,1,"Violence against civilians","Military Forces of Democratic Republic of Congo (2001-)","Police Forces of Democratic Republic of Congo (2001-) Virunga National Park",1,"Civilians (Democratic Republic of Congo)","Farmers (Democratic Republic of Congo)",7,17,"Middle Africa","Democratic Republic of Congo",Nord-Kivu,Nord-Kivu,Rutshuru,Rutshuru,-1.1869,29.4461,2,"Kivu Security Tracker",Other,"On August 7, some Virunga park rangers and FARDC people burned homes and food crops in farmers' fields during a peasant eviction operation in Sekwekwe village, Rutshuru territory. They also looted sacks of maize.",0,1536004167,COD
1742441,180,DRC12824,12824,"06 August 2018",2018,1,"Violence against civilians","Police Forces of Democratic Republic of Congo (2001-)",,1,"Protesters (Democratic Republic of Congo)","PPRD: Peoples Party for Reconstruction and Democracy",6,16,"Middle Africa","Democratic Republic of Congo",Katanga,Lubumbashi,Lubumbashi,Lubumbashi,-11.6596,27.4741,1,"Agence France Presse; Radio Okapi",Subnational-International,"On August 6, supporters of opponent Moise Katumbi and women organisations protested in Lubumbashi to demand his return to the DRC. Police fired live bullets at the protesters and arrested some, some of whom were quickly released. A young boy died of his injuries while others were hospitalised.",1,1536004167,COD
1742442,180,DRC12825,12825,"06 August 2018",2018,1,"Violence against civilians","Mayi Mayi Militia (Mazembe)",,3,"Civilians (Democratic Republic of Congo)",,7,37,"Middle Africa","Democratic Republic of Congo",Nord-Kivu,Nord-Kivu,Lubero,Lubero,-0.1587,29.2386,2,"Kivu Security Tracker",Other,"On August 6, Mai-Mai Mazembe fighters shot and injured a young man in Bukomerwa village, Lubero territory. The 30-year-old man died two days later.",1,1536004167,COD
1742443,180,DRC12826,12826,"06 August 2018",2018,1,"Battle-No change of territory","Unidentified Armed Group (Democratic Republic of Congo)",,3,"Military Forces of Democratic Republic of Congo (2001-)",,1,13,"Middle Africa","Democratic Republic of Congo",Nord-Kivu,Beni,Beni,Beni,0.4966,29.4654,2,"Kivu Security Tracker",Other,"On August 6, unidentified gunmen ambushed a FARDC team that was looking for a missing man in a field in Sulungwe village, Beni territory. A man died during this ambush.",1,1536004167,COD
1742439,180,DRC12822,12822,"02 August 2018",2018,1,"Battle-Government regains territory","Military Forces of Democratic Republic of Congo (2001-)",,1,"Mayi Mayi Militia (Charles)",,3,13,"Middle Africa","Democratic Republic of Congo",Nord-Kivu,Nord-Kivu,Rutshuru,Rutshuru,-1.1869,29.4461,2,"Radio Okapi",Subnational,"On August 2, the Armed Forces of the DRC recovered the rear base of the Mai-Mai / Charles de Tchanika, south of Lake Edward, in Rutshuru territory.",0,1536004167,COD
1742440,180,DRC12823,12823,"02 August 2018",2018,1,"Violence against civilians","NDC-G: Nduma Defence of Congo (Guidon)",,3,"Civilians (Democratic Republic of Congo)",,7,37,"Middle Africa","Democratic Republic of Congo",Nord-Kivu,Nord-Kivu,Rutshuru,Rutshuru,-1.1869,29.4461,2,"Kivu Security Tracker",Other,"On August 2, a NDC Guidon militant shot and killed a man in Mpombi village, Rutshuru territory.",1,1536004167,COD
