publication_date,report_date,country,province,health_zone,probable_cases,confirmed_cases,total_cases,new_suspected_cases,old_suspected_cases,total_suspected_cases,new_deaths,total_deaths,confirmed_deaths,new_cured,total_cured,source
#date +event,#date +report,#adm0 +code,#adm1 +health+name,#adm2 +health+name,#affected +infetced+probable,#affected +infected+confirmed,#affected +infected+total,#affected +infected+suspected+new,#affected +infected+suspected+old,#affected +suspect+total,#affected +killed+new,#affected +killed+total,#affected +killed+confirmed,#affected,#affected,#meta +source
2018-10-23,2018-10-22,COD,North Kivu,Beni,8,102,110,23,0,23,2,72,64,0,23,https://mailchi.mp/sante.gouv.cd/ebola_kivu_23oct
2018-10-23,2018-10-22,COD,North Kivu,Butembo,2,16,18,9,0,9,0,9,7,0,5,https://mailchi.mp/sante.gouv.cd/ebola_kivu_23oct
2018-10-23,2018-10-22,COD,North Kivu,Goma,0,0,0,0,0,0,0,0,0,0,0,https://mailchi.mp/sante.gouv.cd/ebola_kivu_23oct
2018-10-23,2018-10-22,COD,North Kivu,Kalunguta,0,2,2,0,0,0,0,1,1,0,1,https://mailchi.mp/sante.gouv.cd/ebola_kivu_23oct
2018-10-23,2018-10-22,COD,North Kivu,Lubero,0,0,0,0,0,0,0,0,0,0,0,https://mailchi.mp/sante.gouv.cd/ebola_kivu_23oct
2018-10-23,2018-10-22,COD,North Kivu,Mabalako,21,71,92,2,0,2,0,67,46,0,29,https://mailchi.mp/sante.gouv.cd/ebola_kivu_23oct
2018-10-23,2018-10-22,COD,North Kivu,Masereka,0,4,4,2,0,2,0,1,1,0,0,https://mailchi.mp/sante.gouv.cd/ebola_kivu_23oct
2018-10-23,2018-10-22,COD,North Kivu,Musienene,1,0,1,0,0,0,0,1,0,0,0,https://mailchi.mp/sante.gouv.cd/ebola_kivu_23oct
2018-10-23,2018-10-22,COD,North Kivu,Oicha,1,2,3,0,0,0,0,1,0,0,2,https://mailchi.mp/sante.gouv.cd/ebola_kivu_23oct
2018-10-23,2018-10-22,COD,Ituri,Komanda,0,1,1,1,0,1,0,0,0,0,0,https://mailchi.mp/sante.gouv.cd/ebola_kivu_23oct
2018-10-23,2018-10-22,COD,Ituri,Mandima,2,9,11,0,0,0,0,3,1,0,3,https://mailchi.mp/sante.gouv.cd/ebola_kivu_23oct
2018-10-23,2018-10-22,COD,Ituri,Tchomia,0,2,2,0,0,0,0,2,2,0,0,https://mailchi.mp/sante.gouv.cd/ebola_kivu_23oct
2018-10-22,2018-10-21,COD,North Kivu,Beni,8,96,104,8,0,8,2,70,62,0,23,https://mailchi.mp/sante.gouv.cd/ebola_kivu_22oct
2018-10-22,2018-10-21,COD,North Kivu,Butembo,2,16,18,2,0,2,0,9,7,0,5,https://mailchi.mp/sante.gouv.cd/ebola_kivu_22oct
2018-10-22,2018-10-21,COD,North Kivu,Goma,0,0,0,0,0,0,0,0,0,0,0,https://mailchi.mp/sante.gouv.cd/ebola_kivu_22oct
2018-10-22,2018-10-21,COD,North Kivu,Kalunguta,0,2,2,0,0,0,0,1,1,0,1,https://mailchi.mp/sante.gouv.cd/ebola_kivu_22oct
2018-10-22,2018-10-21,COD,North Kivu,Lubero,0,0,0,0,0,0,0,0,0,0,0,https://mailchi.mp/sante.gouv.cd/ebola_kivu_22oct
2018-10-22,2018-10-21,COD,North Kivu,Mabalako,21,71,92,1,0,1,0,67,46,0,29,https://mailchi.mp/sante.gouv.cd/ebola_kivu_22oct
2018-10-22,2018-10-21,COD,North Kivu,Masereka,0,4,4,0,0,0,0,1,1,0,0,https://mailchi.mp/sante.gouv.cd/ebola_kivu_22oct
2018-10-22,2018-10-21,COD,North Kivu,Musienene,1,0,1,0,0,0,0,1,0,0,0,https://mailchi.mp/sante.gouv.cd/ebola_kivu_22oct
2018-10-22,2018-10-21,COD,North Kivu,Oicha,1,2,3,0,0,0,0,1,0,0,2,https://mailchi.mp/sante.gouv.cd/ebola_kivu_22oct
2018-10-22,2018-10-21,COD,Ituri,Komanda,0,1,1,0,0,0,0,0,0,0,0,https://mailchi.mp/sante.gouv.cd/ebola_kivu_22oct
2018-10-22,2018-10-21,COD,Ituri,Mandima,2,9,11,3,0,3,0,3,1,0,3,https://mailchi.mp/sante.gouv.cd/ebola_kivu_22oct
2018-10-22,2018-10-21,COD,Ituri,Tchomia,0,2,2,0,0,0,0,2,2,0,0,https://mailchi.mp/sante.gouv.cd/ebola_kivu_22oct
2018-10-21,2018-10-20,COD,North Kivu,Beni,8,95,103,23,0,23,1,68,60,2,23,https://mailchi.mp/sante.gouv.cd/ebola_kivu_21oct-erratum
2018-10-21,2018-10-20,COD,North Kivu,Butembo,2,16,18,4,0,4,0,9,7,0,5,https://mailchi.mp/sante.gouv.cd/ebola_kivu_21oct-erratum
2018-10-21,2018-10-20,COD,North Kivu,Goma,0,0,0,0,0,0,0,0,0,0,0,https://mailchi.mp/sante.gouv.cd/ebola_kivu_21oct-erratum
2018-10-21,2018-10-20,COD,North Kivu,Kalunguta,0,2,2,0,0,0,0,1,1,0,1,https://mailchi.mp/sante.gouv.cd/ebola_kivu_21oct-erratum
2018-10-21,2018-10-20,COD,North Kivu,Lubero,0,0,0,0,0,0,0,0,0,0,0,https://mailchi.mp/sante.gouv.cd/ebola_kivu_21oct-erratum
2018-10-21,2018-10-20,COD,North Kivu,Mabalako,21,71,92,3,0,3,0,67,46,0,29,https://mailchi.mp/sante.gouv.cd/ebola_kivu_21oct-erratum
2018-10-21,2018-10-20,COD,North Kivu,Masereka,0,4,4,1,0,1,0,1,1,0,0,https://mailchi.mp/sante.gouv.cd/ebola_kivu_21oct-erratum
2018-10-21,2018-10-20,COD,North Kivu,Musienene,1,0,1,0,0,0,0,1,0,0,0,https://mailchi.mp/sante.gouv.cd/ebola_kivu_21oct-erratum
2018-10-21,2018-10-20,COD,North Kivu,Oicha,1,2,3,0,0,0,0,1,0,0,2,https://mailchi.mp/sante.gouv.cd/ebola_kivu_21oct-erratum
2018-10-21,2018-10-20,COD,Ituri,Komanda,0,1,1,2,0,2,0,0,0,0,0,https://mailchi.mp/sante.gouv.cd/ebola_kivu_21oct-erratum
2018-10-21,2018-10-20,COD,Ituri,Mandima,2,9,11,0,0,0,0,3,1,0,3,https://mailchi.mp/sante.gouv.cd/ebola_kivu_21oct-erratum
2018-10-21,2018-10-20,COD,Ituri,Tchomia,0,2,2,0,0,0,0,2,2,0,0,https://mailchi.mp/sante.gouv.cd/ebola_kivu_21oct-erratum
2018-10-20,2018-10-19,COD,North Kivu,Beni,8,93,101,24,0,24,4,67,59,2,21,https://mailchi.mp/sante.gouv.cd/ebola_kivu_20oct
2018-10-20,2018-10-19,COD,North Kivu,Butembo,2,16,18,6,0,6,1,9,7,1,5,https://mailchi.mp/sante.gouv.cd/ebola_kivu_20oct
2018-10-20,2018-10-19,COD,North Kivu,Goma,0,0,0,0,0,0,0,0,0,0,0,https://mailchi.mp/sante.gouv.cd/ebola_kivu_20oct
2018-10-20,2018-10-19,COD,North Kivu,Kalunguta,0,2,2,2,0,2,0,1,1,0,1,https://mailchi.mp/sante.gouv.cd/ebola_kivu_20oct
2018-10-20,2018-10-19,COD,North Kivu,Lubero,0,0,0,0,0,0,0,0,0,0,0,https://mailchi.mp/sante.gouv.cd/ebola_kivu_20oct
2018-10-20,2018-10-19,COD,North Kivu,Mabalako,21,71,92,4,0,4,0,67,46,0,29,https://mailchi.mp/sante.gouv.cd/ebola_kivu_20oct
2018-10-20,2018-10-19,COD,North Kivu,Masereka,0,4,4,0,0,0,0,1,1,0,0,https://mailchi.mp/sante.gouv.cd/ebola_kivu_20oct
2018-10-20,2018-10-19,COD,North Kivu,Musienene,1,0,1,1,0,1,0,1,0,0,0,https://mailchi.mp/sante.gouv.cd/ebola_kivu_20oct
2018-10-20,2018-10-19,COD,North Kivu,Oicha,1,2,3,0,0,0,0,1,0,0,2,https://mailchi.mp/sante.gouv.cd/ebola_kivu_20oct
2018-10-20,2018-10-19,COD,Ituri,Komanda,0,1,1,2,0,2,0,0,0,0,0,https://mailchi.mp/sante.gouv.cd/ebola_kivu_20oct
2018-10-20,2018-10-19,COD,Ituri,Mandima,2,9,11,1,0,1,0,3,1,0,3,https://mailchi.mp/sante.gouv.cd/ebola_kivu_20oct
2018-10-20,2018-10-19,COD,Ituri,Tchomia,0,2,2,0,0,0,0,2,2,0,0,https://mailchi.mp/sante.gouv.cd/ebola_kivu_20oct
2018-10-19,2018-10-18,COD,North Kivu,Beni,8,87,95,23,0,23,3,63,55,1,19,https://mailchi.mp/sante.gouv.cd/ebola_kivu_19oct
2018-10-19,2018-10-18,COD,North Kivu,Butembo,2,14,16,7,0,7,0,8,6,0,4,https://mailchi.mp/sante.gouv.cd/ebola_kivu_19oct
2018-10-19,2018-10-18,COD,North Kivu,Goma,0,0,0,0,0,0,0,0,0,0,0,https://mailchi.mp/sante.gouv.cd/ebola_kivu_19oct
2018-10-19,2018-10-18,COD,North Kivu,Kalunguta,0,2,2,0,0,0,0,1,1,0,1,https://mailchi.mp/sante.gouv.cd/ebola_kivu_19oct
2018-10-19,2018-10-18,COD,North Kivu,Lubero,0,0,0,0,0,0,0,0,0,0,0,https://mailchi.mp/sante.gouv.cd/ebola_kivu_19oct
2018-10-19,2018-10-18,COD,North Kivu,Mabalako,21,71,92,2,0,2,0,67,46,0,29,https://mailchi.mp/sante.gouv.cd/ebola_kivu_19oct
2018-10-19,2018-10-18,COD,North Kivu,Masereka,0,4,4,3,0,3,0,1,1,0,0,https://mailchi.mp/sante.gouv.cd/ebola_kivu_19oct
2018-10-19,2018-10-18,COD,North Kivu,Musienene,1,0,1,1,0,1,0,1,0,0,0,https://mailchi.mp/sante.gouv.cd/ebola_kivu_19oct
2018-10-19,2018-10-18,COD,North Kivu,Oicha,1,2,3,0,0,0,0,1,0,0,2,https://mailchi.mp/sante.gouv.cd/ebola_kivu_19oct
2018-10-19,2018-10-18,COD,Ituri,Komanda,0,1,1,1,0,1,0,0,0,0,0,https://mailchi.mp/sante.gouv.cd/ebola_kivu_19oct
2018-10-19,2018-10-18,COD,Ituri,Mandima,2,9,11,3,0,3,0,3,1,0,3,https://mailchi.mp/sante.gouv.cd/ebola_kivu_19oct
2018-10-19,2018-10-18,COD,Ituri,Tchomia,0,2,2,0,0,0,0,2,2,0,0,https://mailchi.mp/sante.gouv.cd/ebola_kivu_19oct
2018-10-18,2018-10-17,COD,North Kivu,Beni,8,83,91,27,0,27,2,60,52,0,18,https://mailchi.mp/sante.gouv.cd/ebola_kivu_18oct
2018-10-18,2018-10-17,COD,North Kivu,Butembo,2,14,16,10,0,10,0,8,6,0,4,https://mailchi.mp/sante.gouv.cd/ebola_kivu_18oct
2018-10-18,2018-10-17,COD,North Kivu,Goma,0,0,0,0,0,0,0,0,0,0,0,https://mailchi.mp/sante.gouv.cd/ebola_kivu_18oct
2018-10-18,2018-10-17,COD,North Kivu,Kalunguta,0,2,2,0,0,0,0,1,1,0,1,https://mailchi.mp/sante.gouv.cd/ebola_kivu_18oct
2018-10-18,2018-10-17,COD,North Kivu,Lubero,0,0,0,0,0,0,0,0,0,0,0,https://mailchi.mp/sante.gouv.cd/ebola_kivu_18oct
2018-10-18,2018-10-17,COD,North Kivu,Mabalako,21,71,92,3,0,3,0,67,46,0,29,https://mailchi.mp/sante.gouv.cd/ebola_kivu_18oct
2018-10-18,2018-10-17,COD,North Kivu,Masereka,0,4,4,2,0,2,0,1,1,0,0,https://mailchi.mp/sante.gouv.cd/ebola_kivu_18oct
2018-10-18,2018-10-17,COD,North Kivu,Musienene,1,0,1,2,0,2,0,1,0,0,0,https://mailchi.mp/sante.gouv.cd/ebola_kivu_18oct
2018-10-18,2018-10-17,COD,North Kivu,Oicha,1,2,3,1,0,1,0,1,0,0,2,https://mailchi.mp/sante.gouv.cd/ebola_kivu_18oct
2018-10-18,2018-10-17,COD,Ituri,Komanda,0,1,1,1,0,1,0,0,0,0,0,https://mailchi.mp/sante.gouv.cd/ebola_kivu_18oct
2018-10-18,2018-10-17,COD,Ituri,Mandima,2,9,11,0,0,0,0,3,1,0,3,https://mailchi.mp/sante.gouv.cd/ebola_kivu_18oct
2018-10-18,2018-10-17,COD,Ituri,Tchomia,0,2,2,0,0,0,0,2,2,0,0,https://mailchi.mp/sante.gouv.cd/ebola_kivu_18oct
2018-10-17,2018-10-16,COD,North Kivu,Beni,8,80,88,25,0,25,3,58,50,0,18,https://mailchi.mp/sante.gouv.cd/ebola_kivu_17oct
2018-10-17,2018-10-16,COD,North Kivu,Butembo,2,14,16,4,0,4,0,8,6,0,4,https://mailchi.mp/sante.gouv.cd/ebola_kivu_17oct
2018-10-17,2018-10-16,COD,North Kivu,Goma,0,0,0,0,0,0,0,0,0,0,0,https://mailchi.mp/sante.gouv.cd/ebola_kivu_17oct
2018-10-17,2018-10-16,COD,North Kivu,Kalunguta,0,2,2,0,0,0,0,1,1,0,1,https://mailchi.mp/sante.gouv.cd/ebola_kivu_17oct
2018-10-17,2018-10-16,COD,North Kivu,Lubero,0,0,0,1,0,1,0,0,0,0,0,https://mailchi.mp/sante.gouv.cd/ebola_kivu_17oct
2018-10-17,2018-10-16,COD,North Kivu,Mabalako,21,71,92,1,0,1,0,67,46,0,29,https://mailchi.mp/sante.gouv.cd/ebola_kivu_17oct
2018-10-17,2018-10-16,COD,North Kivu,Masereka,0,4,4,1,0,1,0,1,1,0,0,https://mailchi.mp/sante.gouv.cd/ebola_kivu_17oct
2018-10-17,2018-10-16,COD,North Kivu,Musienene,1,0,1,0,0,0,0,1,0,0,0,https://mailchi.mp/sante.gouv.cd/ebola_kivu_17oct
2018-10-17,2018-10-16,COD,North Kivu,Oicha,1,2,3,1,0,1,0,1,0,0,2,https://mailchi.mp/sante.gouv.cd/ebola_kivu_17oct
2018-10-17,2018-10-16,COD,Ituri,Komanda,0,1,1,0,0,0,0,0,0,0,0,https://mailchi.mp/sante.gouv.cd/ebola_kivu_17oct
2018-10-17,2018-10-16,COD,Ituri,Mandima,2,9,11,0,0,0,0,3,1,0,3,https://mailchi.mp/sante.gouv.cd/ebola_kivu_17oct
2018-10-17,2018-10-16,COD,Ituri,Tchomia,0,2,2,1,0,1,0,2,2,0,0,https://mailchi.mp/sante.gouv.cd/ebola_kivu_17oct
2018-10-16,2018-10-15,COD,North Kivu,Beni,8,77,85,21,0,21,0,55,47,2,18,https://mailchi.mp/sante.gouv.cd/ebola_kivu_16oct
2018-10-16,2018-10-15,COD,North Kivu,Butembo,2,13,15,3,0,3,0,8,6,0,4,https://mailchi.mp/sante.gouv.cd/ebola_kivu_16oct
2018-10-16,2018-10-15,COD,North Kivu,Goma,0,0,0,0,0,0,0,0,0,0,0,https://mailchi.mp/sante.gouv.cd/ebola_kivu_16oct
2018-10-16,2018-10-15,COD,North Kivu,Kalunguta,0,2,2,0,0,0,0,1,1,0,1,https://mailchi.mp/sante.gouv.cd/ebola_kivu_16oct
2018-10-16,2018-10-15,COD,North Kivu,Mabalako,21,71,92,6,0,6,0,67,46,0,29,https://mailchi.mp/sante.gouv.cd/ebola_kivu_16oct
2018-10-16,2018-10-15,COD,North Kivu,Masereka,0,4,4,0,0,0,0,1,1,0,0,https://mailchi.mp/sante.gouv.cd/ebola_kivu_16oct
2018-10-16,2018-10-15,COD,North Kivu,Musienene,1,0,1,0,0,0,0,1,0,0,0,https://mailchi.mp/sante.gouv.cd/ebola_kivu_16oct
2018-10-16,2018-10-15,COD,North Kivu,Oicha,1,2,3,0,0,0,0,1,0,0,2,https://mailchi.mp/sante.gouv.cd/ebola_kivu_16oct
2018-10-16,2018-10-15,COD,Ituri,Komanda,0,1,1,0,0,0,0,0,0,0,0,https://mailchi.mp/sante.gouv.cd/ebola_kivu_16oct
2018-10-16,2018-10-15,COD,Ituri,Mandima,2,9,11,1,0,1,0,3,1,0,3,https://mailchi.mp/sante.gouv.cd/ebola_kivu_16oct
2018-10-16,2018-10-15,COD,Ituri,Tchomia,0,2,2,1,0,1,0,2,2,0,0,https://mailchi.mp/sante.gouv.cd/ebola_kivu_16oct
2018-10-15,2018-10-14,COD,North Kivu,Beni,8,76,84,19,0,19,4,55,47,0,16,https://mailchi.mp/sante.gouv.cd/ebola_kivu_15oct
2018-10-15,2018-10-14,COD,North Kivu,Butembo,2,12,14,3,0,3,0,8,6,0,4,https://mailchi.mp/sante.gouv.cd/ebola_kivu_15oct
2018-10-15,2018-10-14,COD,North Kivu,Goma,0,0,0,0,0,0,0,0,0,0,0,https://mailchi.mp/sante.gouv.cd/ebola_kivu_15oct
2018-10-15,2018-10-14,COD,North Kivu,Kalunguta,0,2,2,1,0,1,0,1,1,0,1,https://mailchi.mp/sante.gouv.cd/ebola_kivu_15oct
2018-10-15,2018-10-14,COD,North Kivu,Mabalako,21,71,92,0,0,0,0,67,46,0,29,https://mailchi.mp/sante.gouv.cd/ebola_kivu_15oct
2018-10-15,2018-10-14,COD,North Kivu,Masereka,0,4,4,1,0,1,0,1,1,0,0,https://mailchi.mp/sante.gouv.cd/ebola_kivu_15oct
2018-10-15,2018-10-14,COD,North Kivu,Musienene,1,0,1,0,0,0,0,1,0,0,0,https://mailchi.mp/sante.gouv.cd/ebola_kivu_15oct
2018-10-15,2018-10-14,COD,North Kivu,Oicha,1,2,3,0,0,0,0,1,0,0,2,https://mailchi.mp/sante.gouv.cd/ebola_kivu_15oct
2018-10-15,2018-10-14,COD,Ituri,Komanda,0,1,1,0,0,0,0,0,0,0,0,https://mailchi.mp/sante.gouv.cd/ebola_kivu_15oct
2018-10-15,2018-10-14,COD,Ituri,Mandima,2,9,11,1,0,1,0,3,1,0,3,https://mailchi.mp/sante.gouv.cd/ebola_kivu_15oct
2018-10-15,2018-10-14,COD,Ituri,Tchomia,0,2,2,0,0,0,0,2,2,0,0,https://mailchi.mp/sante.gouv.cd/ebola_kivu_15oct
2018-10-14,2018-10-13,COD,North Kivu,Beni,8,73,81,15,0,15,2,51,43,1,16,https://mailchi.mp/sante.gouv.cd/ebola_kivu_14oct
2018-10-14,2018-10-13,COD,North Kivu,Butembo,2,12,14,1,0,1,1,8,6,0,4,https://mailchi.mp/sante.gouv.cd/ebola_kivu_14oct
2018-10-14,2018-10-13,COD,North Kivu,Goma,0,0,0,0,0,0,0,0,0,0,0,https://mailchi.mp/sante.gouv.cd/ebola_kivu_14oct
2018-10-14,2018-10-13,COD,North Kivu,Kalunguta,0,2,2,0,0,0,0,1,1,0,1,https://mailchi.mp/sante.gouv.cd/ebola_kivu_14oct
2018-10-14,2018-10-13,COD,North Kivu,Mabalako,21,71,92,2,0,2,2,67,46,0,29,https://mailchi.mp/sante.gouv.cd/ebola_kivu_14oct
2018-10-14,2018-10-13,COD,North Kivu,Masereka,0,4,4,1,0,1,0,1,1,0,0,https://mailchi.mp/sante.gouv.cd/ebola_kivu_14oct
2018-10-14,2018-10-13,COD,North Kivu,Musienene,1,0,1,1,0,1,0,1,0,0,0,https://mailchi.mp/sante.gouv.cd/ebola_kivu_14oct
2018-10-14,2018-10-13,COD,North Kivu,Oicha,1,2,3,0,0,0,0,1,0,0,2,https://mailchi.mp/sante.gouv.cd/ebola_kivu_14oct
2018-10-14,2018-10-13,COD,Ituri,Komanda,0,1,1,0,0,0,0,0,0,0,0,https://mailchi.mp/sante.gouv.cd/ebola_kivu_14oct
2018-10-14,2018-10-13,COD,Ituri,Mandima,2,9,11,4,0,4,0,3,1,0,3,https://mailchi.mp/sante.gouv.cd/ebola_kivu_14oct
2018-10-14,2018-10-13,COD,Ituri,Tchomia,0,2,2,0,0,0,0,2,2,0,0,https://mailchi.mp/sante.gouv.cd/ebola_kivu_14oct
2018-10-13,2018-10-12,COD,North Kivu,Beni,8,71,79,,0,0,0,49,41,0,15,https://mailchi.mp/sante.gouv.cd/ebola_kivu_13oct
2018-10-13,2018-10-12,COD,North Kivu,Butembo,2,11,13,,0,0,0,7,5,0,4,https://mailchi.mp/sante.gouv.cd/ebola_kivu_13oct
2018-10-13,2018-10-12,COD,North Kivu,Goma,0,0,0,,0,0,0,0,0,0,0,https://mailchi.mp/sante.gouv.cd/ebola_kivu_13oct
2018-10-13,2018-10-12,COD,North Kivu,Kalunguta,0,2,2,,0,0,0,1,1,0,1,https://mailchi.mp/sante.gouv.cd/ebola_kivu_13oct
2018-10-13,2018-10-12,COD,North Kivu,Mabalako,21,71,92,,0,0,0,65,44,0,29,https://mailchi.mp/sante.gouv.cd/ebola_kivu_13oct
2018-10-13,2018-10-12,COD,North Kivu,Masereka,0,3,3,,0,0,0,1,1,0,0,https://mailchi.mp/sante.gouv.cd/ebola_kivu_13oct
2018-10-13,2018-10-12,COD,North Kivu,Musienene,1,0,1,,0,0,0,1,0,0,0,https://mailchi.mp/sante.gouv.cd/ebola_kivu_13oct
2018-10-13,2018-10-12,COD,North Kivu,Oicha,1,2,3,,0,0,0,1,0,0,2,https://mailchi.mp/sante.gouv.cd/ebola_kivu_13oct
2018-10-13,2018-10-12,COD,Ituri,Komanda,0,1,1,,0,0,0,0,0,0,0,https://mailchi.mp/sante.gouv.cd/ebola_kivu_13oct
2018-10-13,2018-10-12,COD,Ituri,Mandima,2,9,11,,0,0,0,3,1,0,3,https://mailchi.mp/sante.gouv.cd/ebola_kivu_13oct
2018-10-13,2018-10-12,COD,Ituri,Tchomia,0,2,2,,0,0,0,2,2,0,0,https://mailchi.mp/sante.gouv.cd/ebola_kivu_13oct
2018-10-12,2018-10-11,COD,North Kivu,Beni,8,69,77,21,0,21,4,49,41,0,15,https://mailchi.mp/sante.gouv.cd/ebola_kivu_12oct
2018-10-12,2018-10-11,COD,North Kivu,Butembo,2,11,13,1,0,1,0,7,5,0,4,https://mailchi.mp/sante.gouv.cd/ebola_kivu_12oct
2018-10-12,2018-10-11,COD,North Kivu,Goma,0,0,0,0,0,0,0,0,0,0,0,https://mailchi.mp/sante.gouv.cd/ebola_kivu_12oct
2018-10-12,2018-10-11,COD,North Kivu,Kalunguta,0,2,2,1,0,1,1,1,1,0,1,https://mailchi.mp/sante.gouv.cd/ebola_kivu_12oct
2018-10-12,2018-10-11,COD,North Kivu,Mabalako,21,71,92,4,0,4,0,65,44,1,29,https://mailchi.mp/sante.gouv.cd/ebola_kivu_12oct
2018-10-12,2018-10-11,COD,North Kivu,Masereka,0,3,3,1,0,1,0,1,1,0,0,https://mailchi.mp/sante.gouv.cd/ebola_kivu_12oct
2018-10-12,2018-10-11,COD,North Kivu,Musienene,1,0,1,0,0,0,0,1,0,0,0,https://mailchi.mp/sante.gouv.cd/ebola_kivu_12oct
2018-10-12,2018-10-11,COD,North Kivu,Oicha,1,2,3,1,0,1,0,1,0,0,2,https://mailchi.mp/sante.gouv.cd/ebola_kivu_12oct
2018-10-12,2018-10-11,COD,Ituri,Komanda,0,1,1,0,0,0,0,0,0,0,0,https://mailchi.mp/sante.gouv.cd/ebola_kivu_12oct
2018-10-12,2018-10-11,COD,Ituri,Mandima,2,9,11,2,0,2,0,3,1,0,3,https://mailchi.mp/sante.gouv.cd/ebola_kivu_12oct
2018-10-12,2018-10-11,COD,Ituri,Tchomia,0,2,2,1,0,1,0,2,2,0,0,https://mailchi.mp/sante.gouv.cd/ebola_kivu_12oct
2018-10-11,2018-10-10,COD,North Kivu,Beni,8,66,74,11,0,11,3,45,37,0,15,https://mailchi.mp/sante.gouv.cd/ebola_kivu_11oct_erratum
2018-10-11,2018-10-10,COD,North Kivu,Butembo,2,11,13,1,0,1,0,7,5,0,4,https://mailchi.mp/sante.gouv.cd/ebola_kivu_11oct_erratum
2018-10-11,2018-10-10,COD,North Kivu,Goma,0,0,0,0,0,0,0,0,0,0,0,https://mailchi.mp/sante.gouv.cd/ebola_kivu_11oct_erratum
2018-10-11,2018-10-10,COD,North Kivu,Kalunguta,0,1,1,0,0,0,0,0,0,0,1,https://mailchi.mp/sante.gouv.cd/ebola_kivu_11oct_erratum
2018-10-11,2018-10-10,COD,North Kivu,Mabalako,21,70,91,5,0,5,0,65,44,0,28,https://mailchi.mp/sante.gouv.cd/ebola_kivu_11oct_erratum
2018-10-11,2018-10-10,COD,North Kivu,Masereka,0,3,3,3,0,3,0,1,1,0,0,https://mailchi.mp/sante.gouv.cd/ebola_kivu_11oct_erratum
2018-10-11,2018-10-10,COD,North Kivu,Musienene,1,0,1,0,0,0,0,1,0,0,0,https://mailchi.mp/sante.gouv.cd/ebola_kivu_11oct_erratum
2018-10-11,2018-10-10,COD,North Kivu,Oicha,1,2,3,1,0,1,0,1,0,0,2,https://mailchi.mp/sante.gouv.cd/ebola_kivu_11oct_erratum
2018-10-11,2018-10-10,COD,Ituri,Komanda,0,1,1,0,0,0,0,0,0,0,0,https://mailchi.mp/sante.gouv.cd/ebola_kivu_11oct_erratum
2018-10-11,2018-10-10,COD,Ituri,Mandima,2,9,11,4,0,4,0,3,1,0,3,https://mailchi.mp/sante.gouv.cd/ebola_kivu_11oct_erratum
2018-10-11,2018-10-10,COD,Ituri,Tchomia,0,2,2,1,0,1,0,2,2,0,0,https://mailchi.mp/sante.gouv.cd/ebola_kivu_11oct_erratum
2018-10-10,2018-10-09,COD,North Kivu,Beni,8,61,69,15,0,15,4,42,34,2,15,https://mailchi.mp/sante.gouv.cd/ebola_kivu_10oct
2018-10-10,2018-10-09,COD,North Kivu,Butembo,2,11,13,1,0,1,0,7,5,0,4,https://mailchi.mp/sante.gouv.cd/ebola_kivu_10oct
2018-10-10,2018-10-09,COD,North Kivu,Goma,0,0,0,0,0,0,0,0,0,0,0,https://mailchi.mp/sante.gouv.cd/ebola_kivu_10oct
2018-10-10,2018-10-09,COD,North Kivu,Kalunguta,0,1,1,0,0,0,0,0,0,0,1,https://mailchi.mp/sante.gouv.cd/ebola_kivu_10oct
2018-10-10,2018-10-09,COD,North Kivu,Mabalako,21,70,91,5,0,5,0,65,44,0,28,https://mailchi.mp/sante.gouv.cd/ebola_kivu_10oct
2018-10-10,2018-10-09,COD,North Kivu,Masereka,0,2,2,1,0,1,0,1,1,0,0,https://mailchi.mp/sante.gouv.cd/ebola_kivu_10oct
2018-10-10,2018-10-09,COD,North Kivu,Musienene,1,0,1,0,0,0,0,1,0,0,0,https://mailchi.mp/sante.gouv.cd/ebola_kivu_10oct
2018-10-10,2018-10-09,COD,North Kivu,Oicha,1,2,3,0,0,0,0,1,0,0,2,https://mailchi.mp/sante.gouv.cd/ebola_kivu_10oct
2018-10-10,2018-10-09,COD,Ituri,Komanda,0,1,1,0,0,0,0,0,0,0,0,https://mailchi.mp/sante.gouv.cd/ebola_kivu_10oct
2018-10-10,2018-10-09,COD,Ituri,Mandima,2,9,11,0,0,0,0,3,1,0,3,https://mailchi.mp/sante.gouv.cd/ebola_kivu_10oct
2018-10-10,2018-10-09,COD,Ituri,Tchomia,0,2,2,3,0,3,0,2,2,0,0,https://mailchi.mp/sante.gouv.cd/ebola_kivu_10oct
2018-10-09,2018-10-08,COD,North Kivu,Beni,8,55,63,14,0,14,3,38,30,1,13,https://mailchi.mp/sante.gouv.cd/ebola_kivu_9oct-erratum
2018-10-09,2018-10-08,COD,North Kivu,Butembo,2,11,13,2,0,2,0,7,5,0,4,https://mailchi.mp/sante.gouv.cd/ebola_kivu_9oct-erratum
2018-10-09,2018-10-08,COD,North Kivu,Goma,0,0,0,0,0,0,0,0,0,0,0,https://mailchi.mp/sante.gouv.cd/ebola_kivu_9oct-erratum
2018-10-09,2018-10-08,COD,North Kivu,Kalunguta,0,1,1,0,0,0,0,0,0,0,1,https://mailchi.mp/sante.gouv.cd/ebola_kivu_9oct-erratum
2018-10-09,2018-10-08,COD,North Kivu,Mabalako,21,70,91,2,0,2,0,65,44,0,28,https://mailchi.mp/sante.gouv.cd/ebola_kivu_9oct-erratum
2018-10-09,2018-10-08,COD,North Kivu,Masereka,0,2,2,0,0,0,0,1,1,0,0,https://mailchi.mp/sante.gouv.cd/ebola_kivu_9oct-erratum
2018-10-09,2018-10-08,COD,North Kivu,Musienene,1,0,1,0,0,0,0,1,0,0,0,https://mailchi.mp/sante.gouv.cd/ebola_kivu_9oct-erratum
2018-10-09,2018-10-08,COD,North Kivu,Oicha,1,2,3,0,0,0,0,1,0,0,2,https://mailchi.mp/sante.gouv.cd/ebola_kivu_9oct-erratum
2018-10-09,2018-10-08,COD,Ituri,Komanda,0,1,1,0,0,0,0,0,0,0,0,https://mailchi.mp/sante.gouv.cd/ebola_kivu_9oct-erratum
2018-10-09,2018-10-08,COD,Ituri,Mandima,2,9,11,0,0,0,0,3,1,0,3,https://mailchi.mp/sante.gouv.cd/ebola_kivu_9oct-erratum
2018-10-09,2018-10-08,COD,Ituri,Tchomia,0,2,2,2,0,2,0,2,2,0,0,https://mailchi.mp/sante.gouv.cd/ebola_kivu_9oct-erratum
2018-10-08,2018-10-07,COD,North Kivu,Beni,8,49,57,13,0,13,1,35,27,0,12,https://mailchi.mp/sante.gouv.cd/ebola_kivu_8oct
2018-10-08,2018-10-07,COD,North Kivu,Butembo,2,11,13,0,0,0,1,7,5,0,4,https://mailchi.mp/sante.gouv.cd/ebola_kivu_8oct
2018-10-08,2018-10-07,COD,North Kivu,Goma,0,0,0,0,0,0,0,0,0,0,0,https://mailchi.mp/sante.gouv.cd/ebola_kivu_8oct
2018-10-08,2018-10-07,COD,North Kivu,Kalunguta,0,1,1,0,0,0,0,0,0,0,1,https://mailchi.mp/sante.gouv.cd/ebola_kivu_8oct
2018-10-08,2018-10-07,COD,North Kivu,Mabalako,21,70,91,4,0,4,0,65,44,0,28,https://mailchi.mp/sante.gouv.cd/ebola_kivu_8oct
2018-10-08,2018-10-07,COD,North Kivu,Masereka,0,1,1,2,0,2,0,1,1,0,0,https://mailchi.mp/sante.gouv.cd/ebola_kivu_8oct
2018-10-08,2018-10-07,COD,North Kivu,Musienene,1,0,1,0,0,0,0,1,0,0,0,https://mailchi.mp/sante.gouv.cd/ebola_kivu_8oct
2018-10-08,2018-10-07,COD,North Kivu,Oicha,1,2,3,0,0,0,0,1,0,0,2,https://mailchi.mp/sante.gouv.cd/ebola_kivu_8oct
2018-10-08,2018-10-07,COD,Ituri,Komanda,0,1,1,0,0,0,0,0,0,0,0,https://mailchi.mp/sante.gouv.cd/ebola_kivu_8oct
2018-10-08,2018-10-07,COD,Ituri,Mandima,2,9,11,0,0,0,0,3,1,0,3,https://mailchi.mp/sante.gouv.cd/ebola_kivu_8oct
2018-10-08,2018-10-07,COD,Ituri,Tchomia,0,2,2,2,0,2,0,2,2,0,0,https://mailchi.mp/sante.gouv.cd/ebola_kivu_8oct
2018-10-07,2018-10-06,COD,North Kivu,Beni,8,47,55,6,0,6,4,34,26,1,12,https://mailchi.mp/sante.gouv.cd/ebola_kivu_7oct
2018-10-07,2018-10-06,COD,North Kivu,Butembo,2,9,11,1,0,1,0,6,4,0,4,https://mailchi.mp/sante.gouv.cd/ebola_kivu_7oct
2018-10-07,2018-10-06,COD,North Kivu,Goma,0,0,0,0,0,0,0,0,0,0,0,https://mailchi.mp/sante.gouv.cd/ebola_kivu_7oct
2018-10-07,2018-10-06,COD,North Kivu,Kalunguta,0,1,1,0,0,0,0,0,0,0,1,https://mailchi.mp/sante.gouv.cd/ebola_kivu_7oct
2018-10-07,2018-10-06,COD,North Kivu,Mabalako,21,70,91,2,0,2,0,65,44,0,28,https://mailchi.mp/sante.gouv.cd/ebola_kivu_7oct
2018-10-07,2018-10-06,COD,North Kivu,Masereka,0,1,1,2,0,2,0,1,1,0,0,https://mailchi.mp/sante.gouv.cd/ebola_kivu_7oct
2018-10-07,2018-10-06,COD,North Kivu,Musienene,1,0,1,0,0,0,0,1,0,0,0,https://mailchi.mp/sante.gouv.cd/ebola_kivu_7oct
2018-10-07,2018-10-06,COD,North Kivu,Oicha,1,2,3,0,0,0,0,1,0,0,2,https://mailchi.mp/sante.gouv.cd/ebola_kivu_7oct
2018-10-07,2018-10-06,COD,Ituri,Komanda,0,1,1,0,0,0,0,0,0,0,0,https://mailchi.mp/sante.gouv.cd/ebola_kivu_7oct
2018-10-07,2018-10-06,COD,Ituri,Mandima,2,9,11,0,0,0,0,3,1,0,3,https://mailchi.mp/sante.gouv.cd/ebola_kivu_7oct
2018-10-07,2018-10-06,COD,Ituri,Tchomia,0,2,2,0,0,0,1,2,2,0,0,https://mailchi.mp/sante.gouv.cd/ebola_kivu_7oct
2018-10-06,2018-10-05,COD,North Kivu,Beni,5,46,51,7,0,7,1,30,25,1,11,https://mailchi.mp/sante.gouv.cd/ebola_kivu_6oct
2018-10-06,2018-10-05,COD,North Kivu,Butembo,2,8,10,0,0,0,1,6,4,0,4,https://mailchi.mp/sante.gouv.cd/ebola_kivu_6oct
2018-10-06,2018-10-05,COD,North Kivu,Goma,0,0,0,0,0,0,0,0,0,0,0,https://mailchi.mp/sante.gouv.cd/ebola_kivu_6oct
2018-10-06,2018-10-05,COD,North Kivu,Kalunguta,0,1,1,0,0,0,0,0,0,0,1,https://mailchi.mp/sante.gouv.cd/ebola_kivu_6oct
2018-10-06,2018-10-05,COD,North Kivu,Mabalako,21,70,91,1,0,1,0,65,44,0,28,https://mailchi.mp/sante.gouv.cd/ebola_kivu_6oct
2018-10-06,2018-10-05,COD,North Kivu,Masereka,0,1,1,1,0,1,0,1,1,0,0,https://mailchi.mp/sante.gouv.cd/ebola_kivu_6oct
2018-10-06,2018-10-05,COD,North Kivu,Musienene,1,0,1,0,0,0,0,1,0,0,0,https://mailchi.mp/sante.gouv.cd/ebola_kivu_6oct
2018-10-06,2018-10-05,COD,North Kivu,Oicha,1,2,3,0,0,0,0,1,0,0,2,https://mailchi.mp/sante.gouv.cd/ebola_kivu_6oct
2018-10-06,2018-10-05,COD,Ituri,Komanda,0,1,1,0,0,0,0,0,0,0,0,https://mailchi.mp/sante.gouv.cd/ebola_kivu_6oct
2018-10-06,2018-10-05,COD,Ituri,Mandima,2,9,11,1,0,1,0,3,1,0,3,https://mailchi.mp/sante.gouv.cd/ebola_kivu_6oct
2018-10-06,2018-10-05,COD,Ituri,Tchomia,0,2,2,0,0,0,0,1,1,0,0,https://mailchi.mp/sante.gouv.cd/ebola_kivu_6oct
2018-10-05,2018-10-04,COD,North Kivu,Beni,5,41,46,6,0,6,0,29,24,0,10,https://mailchi.mp/sante.gouv.cd/ebola_kivu_5oct
2018-10-05,2018-10-04,COD,North Kivu,Butembo,2,8,10,1,0,1,0,5,3,1,4,https://mailchi.mp/sante.gouv.cd/ebola_kivu_5oct
2018-10-05,2018-10-04,COD,North Kivu,Goma,0,0,0,0,0,0,0,0,0,0,0,https://mailchi.mp/sante.gouv.cd/ebola_kivu_5oct
2018-10-05,2018-10-04,COD,North Kivu,Kalunguta,0,1,1,0,0,0,0,0,0,0,1,https://mailchi.mp/sante.gouv.cd/ebola_kivu_5oct
2018-10-05,2018-10-04,COD,North Kivu,Mabalako,21,70,91,4,0,4,0,65,44,0,28,https://mailchi.mp/sante.gouv.cd/ebola_kivu_5oct
2018-10-05,2018-10-04,COD,North Kivu,Masereka,0,1,1,0,0,0,0,1,1,0,0,https://mailchi.mp/sante.gouv.cd/ebola_kivu_5oct
2018-10-05,2018-10-04,COD,North Kivu,Musienene,1,0,1,0,0,0,0,1,0,0,0,https://mailchi.mp/sante.gouv.cd/ebola_kivu_5oct
2018-10-05,2018-10-04,COD,North Kivu,Oicha,1,2,3,0,0,0,0,1,0,0,2,https://mailchi.mp/sante.gouv.cd/ebola_kivu_5oct
2018-10-05,2018-10-04,COD,Ituri,Komanda,0,1,1,0,0,0,0,0,0,0,0,https://mailchi.mp/sante.gouv.cd/ebola_kivu_5oct
2018-10-05,2018-10-04,COD,Ituri,Mandima,2,9,11,2,0,2,0,3,1,0,3,https://mailchi.mp/sante.gouv.cd/ebola_kivu_5oct
2018-10-05,2018-10-04,COD,Ituri,Tchomia,0,2,2,0,0,0,0,1,1,0,0,https://mailchi.mp/sante.gouv.cd/ebola_kivu_5oct
2018-10-04,2018-10-03,COD,North Kivu,Beni,5,40,45,16,0,16,0,29,24,1,10,https://us13.campaign-archive.com/?u=89e5755d2cca4840b1af93176&id=9363c70c25
2018-10-04,2018-10-03,COD,North Kivu,Butembo,2,7,9,2,0,2,0,5,3,0,3,https://us13.campaign-archive.com/?u=89e5755d2cca4840b1af93176&id=9363c70c25
2018-10-04,2018-10-03,COD,North Kivu,Goma,0,0,0,0,0,0,0,0,0,0,0,https://us13.campaign-archive.com/?u=89e5755d2cca4840b1af93176&id=9363c70c25
2018-10-04,2018-10-03,COD,North Kivu,Kalunguta,0,1,1,0,0,0,0,0,0,0,1,https://us13.campaign-archive.com/?u=89e5755d2cca4840b1af93176&id=9363c70c25
2018-10-04,2018-10-03,COD,North Kivu,Mabalako,21,70,91,1,0,1,0,65,44,0,28,https://us13.campaign-archive.com/?u=89e5755d2cca4840b1af93176&id=9363c70c25
2018-10-04,2018-10-03,COD,North Kivu,Masereka,0,1,1,0,0,0,0,1,1,0,0,https://us13.campaign-archive.com/?u=89e5755d2cca4840b1af93176&id=9363c70c25
2018-10-04,2018-10-03,COD,North Kivu,Musienene,1,0,1,0,0,0,0,1,0,0,0,https://us13.campaign-archive.com/?u=89e5755d2cca4840b1af93176&id=9363c70c25
2018-10-04,2018-10-03,COD,North Kivu,Oicha,1,2,3,0,0,0,0,1,0,0,2,https://us13.campaign-archive.com/?u=89e5755d2cca4840b1af93176&id=9363c70c25
2018-10-04,2018-10-03,COD,Ituri,Komanda,0,1,1,0,0,0,0,0,0,0,0,https://us13.campaign-archive.com/?u=89e5755d2cca4840b1af93176&id=9363c70c25
2018-10-04,2018-10-03,COD,Ituri,Mandima,2,9,11,1,0,1,0,3,1,0,3,https://us13.campaign-archive.com/?u=89e5755d2cca4840b1af93176&id=9363c70c25
2018-10-04,2018-10-03,COD,Ituri,Tchomia,0,2,2,4,0,4,0,1,1,0,0,https://us13.campaign-archive.com/?u=89e5755d2cca4840b1af93176&id=9363c70c25
2018-10-03,2018-10-02,COD,North Kivu,Beni,5,38,43,7,0,7,0,29,24,1,9,https://mailchi.mp/sante.gouv.cd/ebola_kivu_3oct
2018-10-03,2018-10-02,COD,North Kivu,Butembo,2,7,9,0,0,0,0,5,3,0,3,https://mailchi.mp/sante.gouv.cd/ebola_kivu_3oct
2018-10-03,2018-10-02,COD,North Kivu,Goma,0,0,0,0,0,0,0,0,0,0,0,https://mailchi.mp/sante.gouv.cd/ebola_kivu_3oct
2018-10-03,2018-10-02,COD,North Kivu,Kalunguta,0,1,1,0,0,0,0,0,0,0,1,https://mailchi.mp/sante.gouv.cd/ebola_kivu_3oct
2018-10-03,2018-10-02,COD,North Kivu,Mabalako,21,69,90,8,0,8,0,65,44,0,28,https://mailchi.mp/sante.gouv.cd/ebola_kivu_3oct
2018-10-03,2018-10-02,COD,North Kivu,Masereka,0,1,1,0,0,0,0,1,1,0,0,https://mailchi.mp/sante.gouv.cd/ebola_kivu_3oct
2018-10-03,2018-10-02,COD,North Kivu,Musienene,1,0,1,0,0,0,0,1,0,0,0,https://mailchi.mp/sante.gouv.cd/ebola_kivu_3oct
2018-10-03,2018-10-02,COD,North Kivu,Oicha,1,2,3,0,0,0,0,1,0,0,2,https://mailchi.mp/sante.gouv.cd/ebola_kivu_3oct
2018-10-03,2018-10-02,COD,Ituri,Komanda,0,1,1,0,0,0,0,0,0,0,0,https://mailchi.mp/sante.gouv.cd/ebola_kivu_3oct
2018-10-03,2018-10-02,COD,Ituri,Mandima,2,9,11,1,0,1,0,3,1,0,3,https://mailchi.mp/sante.gouv.cd/ebola_kivu_3oct
2018-10-03,2018-10-02,COD,Ituri,Tchomia,0,2,2,1,0,1,0,1,1,0,0,https://mailchi.mp/sante.gouv.cd/ebola_kivu_3oct
2018-10-02,2018-10-01,COD,North Kivu,Beni,5,37,42,7,0,7,0,29,24,0,8,https://mailchi.mp/sante.gouv.cd/ebola_kivu_2oct
2018-10-02,2018-10-01,COD,North Kivu,Butembo,2,7,9,6,0,6,1,5,3,0,3,https://mailchi.mp/sante.gouv.cd/ebola_kivu_2oct
2018-10-02,2018-10-01,COD,North Kivu,Goma,0,0,0,0,0,0,0,0,0,0,0,https://mailchi.mp/sante.gouv.cd/ebola_kivu_2oct
2018-10-02,2018-10-01,COD,North Kivu,Kalunguta,0,1,1,0,0,0,0,0,0,0,1,https://mailchi.mp/sante.gouv.cd/ebola_kivu_2oct
2018-10-02,2018-10-01,COD,North Kivu,Mabalako,21,69,90,2,0,2,0,65,44,0,28,https://mailchi.mp/sante.gouv.cd/ebola_kivu_2oct
2018-10-02,2018-10-01,COD,North Kivu,Masereka,0,1,1,0,0,0,0,1,1,0,0,https://mailchi.mp/sante.gouv.cd/ebola_kivu_2oct
2018-10-02,2018-10-01,COD,North Kivu,Musienene,1,0,1,1,0,1,0,1,0,0,0,https://mailchi.mp/sante.gouv.cd/ebola_kivu_2oct
2018-10-02,2018-10-01,COD,North Kivu,Oicha,1,2,3,1,0,1,0,1,0,0,2,https://mailchi.mp/sante.gouv.cd/ebola_kivu_2oct
2018-10-02,2018-10-01,COD,Ituri,Komanda,0,1,1,0,0,0,0,0,0,0,0,https://mailchi.mp/sante.gouv.cd/ebola_kivu_2oct
2018-10-02,2018-10-01,COD,Ituri,Mandima,2,9,11,1,0,1,0,3,1,0,3,https://mailchi.mp/sante.gouv.cd/ebola_kivu_2oct
2018-10-02,2018-10-01,COD,Ituri,Tchomia,0,2,2,0,0,0,0,1,1,0,0,https://mailchi.mp/sante.gouv.cd/ebola_kivu_2oct
2018-10-01,2018-09-30,COD,North Kivu,Beni,5,37,42,4,0,4,1,29,24,0,8,https://mailchi.mp/sante.gouv.cd/ebola_kivu_1oct
2018-10-01,2018-09-30,COD,North Kivu,Butembo,2,7,9,2,0,2,0,4,2,0,3,https://mailchi.mp/sante.gouv.cd/ebola_kivu_1oct
2018-10-01,2018-09-30,COD,North Kivu,Goma,0,0,0,0,0,0,0,0,0,0,0,https://mailchi.mp/sante.gouv.cd/ebola_kivu_1oct
2018-10-01,2018-09-30,COD,North Kivu,Kalunguta,0,1,1,0,0,0,0,0,0,0,1,https://mailchi.mp/sante.gouv.cd/ebola_kivu_1oct
2018-10-01,2018-09-30,COD,North Kivu,Mabalako,21,69,90,2,0,2,0,65,44,0,28,https://mailchi.mp/sante.gouv.cd/ebola_kivu_1oct
2018-10-01,2018-09-30,COD,North Kivu,Masereka,0,1,1,0,0,0,0,1,1,0,0,https://mailchi.mp/sante.gouv.cd/ebola_kivu_1oct
2018-10-01,2018-09-30,COD,North Kivu,Musienene,1,0,1,0,0,0,0,1,0,0,0,https://mailchi.mp/sante.gouv.cd/ebola_kivu_1oct
2018-10-01,2018-09-30,COD,North Kivu,Oicha,1,2,3,0,0,0,0,1,0,0,2,https://mailchi.mp/sante.gouv.cd/ebola_kivu_1oct
2018-10-01,2018-09-30,COD,Ituri,Komanda,0,1,1,0,0,0,0,0,0,0,0,https://mailchi.mp/sante.gouv.cd/ebola_kivu_1oct
2018-10-01,2018-09-30,COD,Ituri,Mandima,2,9,11,0,0,0,0,3,1,0,3,https://mailchi.mp/sante.gouv.cd/ebola_kivu_1oct
2018-10-01,2018-09-30,COD,Ituri,Tchomia,0,2,2,1,0,1,0,1,1,0,0,https://mailchi.mp/sante.gouv.cd/ebola_kivu_1oct
2018-09-30,2018-09-29,COD,North Kivu,Beni,5,36,41,5,0,5,2,28,23,0,8,https://mailchi.mp/sante.gouv.cd/ebola_kivu_30sept
2018-09-30,2018-09-29,COD,North Kivu,Butembo,2,7,9,1,0,1,0,4,2,0,3,https://mailchi.mp/sante.gouv.cd/ebola_kivu_30sept
2018-09-30,2018-09-29,COD,North Kivu,Goma,0,0,0,0,0,0,0,0,0,0,0,https://mailchi.mp/sante.gouv.cd/ebola_kivu_30sept
2018-09-30,2018-09-29,COD,North Kivu,Kalunguta,0,1,1,0,0,0,0,0,0,0,1,https://mailchi.mp/sante.gouv.cd/ebola_kivu_30sept
2018-09-30,2018-09-29,COD,North Kivu,Mabalako,21,69,90,1,0,1,0,65,44,0,28,https://mailchi.mp/sante.gouv.cd/ebola_kivu_30sept
2018-09-30,2018-09-29,COD,North Kivu,Masereka,0,1,1,1,0,1,0,1,1,0,0,https://mailchi.mp/sante.gouv.cd/ebola_kivu_30sept
2018-09-30,2018-09-29,COD,North Kivu,Musienene,1,0,1,0,0,0,0,1,0,0,0,https://mailchi.mp/sante.gouv.cd/ebola_kivu_30sept
2018-09-30,2018-09-29,COD,North Kivu,Oicha,1,2,3,0,0,0,0,1,0,0,2,https://mailchi.mp/sante.gouv.cd/ebola_kivu_30sept
2018-09-30,2018-09-29,COD,Ituri,Komanda,0,0,0,0,0,0,0,0,0,0,0,https://mailchi.mp/sante.gouv.cd/ebola_kivu_30sept
2018-09-30,2018-09-29,COD,Ituri,Mandima,2,9,11,2,0,2,0,3,1,0,3,https://mailchi.mp/sante.gouv.cd/ebola_kivu_30sept
2018-09-30,2018-09-29,COD,Ituri,Tchomia,0,2,2,3,0,3,0,1,1,0,0,https://mailchi.mp/sante.gouv.cd/ebola_kivu_30sept
2018-09-29,2018-09-28,COD,North Kivu,Beni,4,35,39,6,0,6,0,26,22,0,8,https://mailchi.mp/sante.gouv.cd/ebola_kivu_29sept
2018-09-29,2018-09-28,COD,North Kivu,Butembo,2,7,9,2,0,2,0,4,2,0,3,https://mailchi.mp/sante.gouv.cd/ebola_kivu_29sept
2018-09-29,2018-09-28,COD,North Kivu,Goma,0,0,0,0,0,0,0,0,0,0,0,https://mailchi.mp/sante.gouv.cd/ebola_kivu_29sept
2018-09-29,2018-09-28,COD,North Kivu,Kalunguta,0,1,1,0,0,0,0,0,0,0,1,https://mailchi.mp/sante.gouv.cd/ebola_kivu_29sept
2018-09-29,2018-09-28,COD,North Kivu,Mabalako,21,69,90,6,0,6,0,65,44,0,28,https://mailchi.mp/sante.gouv.cd/ebola_kivu_29sept
2018-09-29,2018-09-28,COD,North Kivu,Masereka,0,1,1,1,0,1,0,1,1,0,0,https://mailchi.mp/sante.gouv.cd/ebola_kivu_29sept
2018-09-29,2018-09-28,COD,North Kivu,Musienene,1,0,1,0,0,0,0,1,0,0,0,https://mailchi.mp/sante.gouv.cd/ebola_kivu_29sept
2018-09-29,2018-09-28,COD,North Kivu,Oicha,1,2,3,0,0,0,0,1,0,0,2,https://mailchi.mp/sante.gouv.cd/ebola_kivu_29sept
2018-09-29,2018-09-28,COD,Ituri,Komanda,0,0,0,0,0,0,0,0,0,0,0,https://mailchi.mp/sante.gouv.cd/ebola_kivu_29sept
2018-09-29,2018-09-28,COD,Ituri,Mandima,2,9,11,1,0,1,0,3,1,0,3,https://mailchi.mp/sante.gouv.cd/ebola_kivu_29sept
2018-09-29,2018-09-28,COD,Ituri,Tchomia,0,2,2,7,0,7,0,1,1,0,0,https://mailchi.mp/sante.gouv.cd/ebola_kivu_29sept
2018-09-28,2018-09-27,COD,North Kivu,Beni,4,34,38,4,0,4,1,26,22,0,8,https://mailchi.mp/sante.gouv.cd/ebola_kivu_28sept
2018-09-28,2018-09-27,COD,North Kivu,Butembo,2,6,8,1,0,1,0,4,2,2,3,https://mailchi.mp/sante.gouv.cd/ebola_kivu_28sept
2018-09-28,2018-09-27,COD,North Kivu,Goma,0,0,0,0,0,0,0,0,0,0,0,https://mailchi.mp/sante.gouv.cd/ebola_kivu_28sept
2018-09-28,2018-09-27,COD,North Kivu,Kalunguta,0,1,1,0,0,0,0,0,0,0,1,https://mailchi.mp/sante.gouv.cd/ebola_kivu_28sept
2018-09-28,2018-09-27,COD,North Kivu,Mabalako,21,69,90,6,0,6,0,65,44,0,28,https://mailchi.mp/sante.gouv.cd/ebola_kivu_28sept
2018-09-28,2018-09-27,COD,North Kivu,Masereka,0,1,1,0,0,0,0,1,1,0,0,https://mailchi.mp/sante.gouv.cd/ebola_kivu_28sept
2018-09-28,2018-09-27,COD,North Kivu,Musienene,1,0,1,0,0,0,0,1,0,0,0,https://mailchi.mp/sante.gouv.cd/ebola_kivu_28sept
2018-09-28,2018-09-27,COD,North Kivu,Oicha,1,2,3,0,0,0,0,1,0,0,2,https://mailchi.mp/sante.gouv.cd/ebola_kivu_28sept
2018-09-28,2018-09-27,COD,Ituri,Komanda,0,0,0,0,0,0,0,0,0,0,0,https://mailchi.mp/sante.gouv.cd/ebola_kivu_28sept
2018-09-28,2018-09-27,COD,Ituri,Mandima,2,9,11,0,0,0,0,3,1,0,3,https://mailchi.mp/sante.gouv.cd/ebola_kivu_28sept
2018-09-28,2018-09-27,COD,Ituri,Tchomia,0,2,2,4,0,4,0,1,1,0,0,https://mailchi.mp/sante.gouv.cd/ebola_kivu_28sept
2018-09-27,2018-09-26,COD,North Kivu,Beni,4,33,37,2,0,2,0,25,21,2,8,https://mailchi.mp/sante.gouv.cd/ebola_kivu_27sept
2018-09-27,2018-09-26,COD,North Kivu,Butembo,2,6,8,2,0,2,0,4,2,0,1,https://mailchi.mp/sante.gouv.cd/ebola_kivu_27sept
2018-09-27,2018-09-26,COD,North Kivu,Goma,0,0,0,1,0,1,0,0,0,0,0,https://mailchi.mp/sante.gouv.cd/ebola_kivu_27sept
2018-09-27,2018-09-26,COD,North Kivu,Kalunguta,0,1,1,0,0,0,0,0,0,0,1,https://mailchi.mp/sante.gouv.cd/ebola_kivu_27sept
2018-09-27,2018-09-26,COD,North Kivu,Mabalako,21,69,90,3,0,3,0,65,44,0,28,https://mailchi.mp/sante.gouv.cd/ebola_kivu_27sept
2018-09-27,2018-09-26,COD,North Kivu,Masereka,0,1,1,0,0,0,0,1,1,0,0,https://mailchi.mp/sante.gouv.cd/ebola_kivu_27sept
2018-09-27,2018-09-26,COD,North Kivu,Musienene,1,0,1,0,0,0,0,1,0,0,0,https://mailchi.mp/sante.gouv.cd/ebola_kivu_27sept
2018-09-27,2018-09-26,COD,North Kivu,Oicha,1,2,3,0,0,0,0,1,0,0,2,https://mailchi.mp/sante.gouv.cd/ebola_kivu_27sept
2018-09-27,2018-09-26,COD,Ituri,Komanda,0,0,0,0,0,0,0,0,0,0,0,https://mailchi.mp/sante.gouv.cd/ebola_kivu_27sept
2018-09-27,2018-09-26,COD,Ituri,Mandima,2,9,11,0,0,0,0,3,1,0,3,https://mailchi.mp/sante.gouv.cd/ebola_kivu_27sept
2018-09-27,2018-09-26,COD,Ituri,Tchomia,0,2,2,3,0,3,0,1,1,0,0,https://mailchi.mp/sante.gouv.cd/ebola_kivu_27sept
2018-09-26,2018-09-25,COD,North Kivu,Beni,4,30,34,7,0,7,0,25,21,0,6,https://mailchi.mp/fe4b2f287c8d/ebola_kivu_26sept
2018-09-26,2018-09-25,COD,North Kivu,Butembo,2,6,8,0,0,0,0,4,2,0,1,https://mailchi.mp/fe4b2f287c8d/ebola_kivu_26sept
2018-09-26,2018-09-25,COD,North Kivu,Goma,0,0,0,0,0,0,0,0,0,0,0,https://mailchi.mp/fe4b2f287c8d/ebola_kivu_26sept
2018-09-26,2018-09-25,COD,North Kivu,Kalunguta,0,1,1,0,0,0,0,0,0,0,1,https://mailchi.mp/fe4b2f287c8d/ebola_kivu_26sept
2018-09-26,2018-09-25,COD,North Kivu,Mabalako,21,69,90,7,0,7,0,65,44,0,28,https://mailchi.mp/fe4b2f287c8d/ebola_kivu_26sept
2018-09-26,2018-09-25,COD,North Kivu,Masereka,0,1,1,0,0,0,0,1,1,0,0,https://mailchi.mp/fe4b2f287c8d/ebola_kivu_26sept
2018-09-26,2018-09-25,COD,North Kivu,Musienene,1,0,1,0,0,0,0,1,0,0,0,https://mailchi.mp/fe4b2f287c8d/ebola_kivu_26sept
2018-09-26,2018-09-25,COD,North Kivu,Oicha,1,2,3,0,0,0,0,1,0,0,2,https://mailchi.mp/fe4b2f287c8d/ebola_kivu_26sept
2018-09-26,2018-09-25,COD,Ituri,Komanda,0,0,0,0,0,0,0,0,0,0,0,https://mailchi.mp/fe4b2f287c8d/ebola_kivu_26sept
2018-09-26,2018-09-25,COD,Ituri,Mandima,2,9,11,0,0,0,0,3,1,0,3,https://mailchi.mp/fe4b2f287c8d/ebola_kivu_26sept
2018-09-26,2018-09-25,COD,Ituri,Tchomia,0,2,2,3,0,3,0,1,1,0,0,https://mailchi.mp/fe4b2f287c8d/ebola_kivu_26sept
2018-09-25,2018-09-24,COD,North Kivu,Beni,4,30,34,1,0,1,1,25,21,0,6,https://mailchi.mp/13493f87482a/ebola_kivu_25sept
2018-09-25,2018-09-24,COD,North Kivu,Butembo,2,6,8,3,0,3,0,4,2,0,1,https://mailchi.mp/13493f87482a/ebola_kivu_25sept
2018-09-25,2018-09-24,COD,North Kivu,Goma,0,0,0,0,0,0,0,0,0,0,0,https://mailchi.mp/13493f87482a/ebola_kivu_25sept
2018-09-25,2018-09-24,COD,North Kivu,Kalunguta,0,1,1,0,0,0,0,0,0,0,1,https://mailchi.mp/13493f87482a/ebola_kivu_25sept
2018-09-25,2018-09-24,COD,North Kivu,Mabalako,21,69,90,3,0,3,0,65,44,0,28,https://mailchi.mp/13493f87482a/ebola_kivu_25sept
2018-09-25,2018-09-24,COD,North Kivu,Masereka,0,1,1,1,0,1,0,1,1,0,0,https://mailchi.mp/13493f87482a/ebola_kivu_25sept
2018-09-25,2018-09-24,COD,North Kivu,Musienene,1,0,1,0,0,0,0,1,0,0,0,https://mailchi.mp/13493f87482a/ebola_kivu_25sept
2018-09-25,2018-09-24,COD,North Kivu,Oicha,1,2,3,0,0,0,0,1,0,0,2,https://mailchi.mp/13493f87482a/ebola_kivu_25sept
2018-09-25,2018-09-24,COD,Ituri,Komanda,0,0,0,0,0,0,0,0,0,0,0,https://mailchi.mp/13493f87482a/ebola_kivu_25sept
2018-09-25,2018-09-24,COD,Ituri,Mandima,2,9,11,2,0,2,0,3,1,0,3,https://mailchi.mp/13493f87482a/ebola_kivu_25sept
2018-09-25,2018-09-24,COD,Ituri,Tchomia,0,2,2,1,0,1,0,1,1,0,0,https://mailchi.mp/13493f87482a/ebola_kivu_25sept
2018-09-24,2018-09-23,COD,North Kivu,Beni,4,29,33,3,0,3,0,24,20,0,6,https://mailchi.mp/efc69f724562/ebola_kivu_24sept
2018-09-24,2018-09-23,COD,North Kivu,Butembo,2,6,8,1,0,1,0,4,2,0,1,https://mailchi.mp/efc69f724562/ebola_kivu_24sept
2018-09-24,2018-09-23,COD,North Kivu,Goma,0,0,0,0,0,0,0,0,0,0,0,https://mailchi.mp/efc69f724562/ebola_kivu_24sept
2018-09-24,2018-09-23,COD,North Kivu,Kalunguta,0,1,1,0,0,0,0,0,0,0,1,https://mailchi.mp/efc69f724562/ebola_kivu_24sept
2018-09-24,2018-09-23,COD,North Kivu,Mabalako,21,69,90,4,0,4,0,65,44,1,28,https://mailchi.mp/efc69f724562/ebola_kivu_24sept
2018-09-24,2018-09-23,COD,North Kivu,Masereka,0,1,1,0,0,0,0,1,1,0,0,https://mailchi.mp/efc69f724562/ebola_kivu_24sept
2018-09-24,2018-09-23,COD,North Kivu,Musienene,1,0,1,0,0,0,0,1,0,0,0,https://mailchi.mp/efc69f724562/ebola_kivu_24sept
2018-09-24,2018-09-23,COD,North Kivu,Oicha,1,2,3,1,0,1,0,1,0,0,2,https://mailchi.mp/efc69f724562/ebola_kivu_24sept
2018-09-24,2018-09-23,COD,Ituri,Komanda,0,0,0,0,0,0,0,0,0,0,0,https://mailchi.mp/efc69f724562/ebola_kivu_24sept
2018-09-24,2018-09-23,COD,Ituri,Mandima,2,9,11,0,0,0,0,3,1,0,3,https://mailchi.mp/efc69f724562/ebola_kivu_24sept
2018-09-24,2018-09-23,COD,Ituri,Tchomia,0,2,2,0,0,0,0,1,1,0,0,https://mailchi.mp/efc69f724562/ebola_kivu_24sept
2018-09-23,2018-09-22,COD,North Kivu,Beni,4,29,33,4,0,4,0,24,20,0,6,https://mailchi.mp/ca153def9618/ebola_kivu_23sept
2018-09-23,2018-09-22,COD,North Kivu,Butembo,2,6,8,2,0,2,1,4,2,0,1,https://mailchi.mp/ca153def9618/ebola_kivu_23sept
2018-09-23,2018-09-22,COD,North Kivu,Goma,0,0,0,0,0,0,0,0,0,0,0,https://mailchi.mp/ca153def9618/ebola_kivu_23sept
2018-09-23,2018-09-22,COD,North Kivu,Kalunguta,0,1,1,0,0,0,0,0,0,0,1,https://mailchi.mp/ca153def9618/ebola_kivu_23sept
2018-09-23,2018-09-22,COD,North Kivu,Mabalako,21,69,90,4,0,4,0,65,44,0,27,https://mailchi.mp/ca153def9618/ebola_kivu_23sept
2018-09-23,2018-09-22,COD,North Kivu,Masereka,0,1,1,0,0,0,0,1,1,0,0,https://mailchi.mp/ca153def9618/ebola_kivu_23sept
2018-09-23,2018-09-22,COD,North Kivu,Musienene,1,0,1,0,0,0,0,1,0,0,0,https://mailchi.mp/ca153def9618/ebola_kivu_23sept
2018-09-23,2018-09-22,COD,North Kivu,Oicha,1,2,3,1,0,1,0,1,0,0,2,https://mailchi.mp/ca153def9618/ebola_kivu_23sept
2018-09-23,2018-09-22,COD,Ituri,Komanda,0,0,0,0,0,0,0,0,0,0,0,https://mailchi.mp/ca153def9618/ebola_kivu_23sept
2018-09-23,2018-09-22,COD,Ituri,Mandima,2,9,11,0,0,0,0,3,1,0,3,https://mailchi.mp/ca153def9618/ebola_kivu_23sept
2018-09-23,2018-09-22,COD,Ituri,Tchomia,0,1,1,1,0,1,0,1,1,0,0,https://mailchi.mp/ca153def9618/ebola_kivu_23sept
2018-09-22,2018-09-21,COD,North Kivu,Beni,4,28,32,4,0,4,0,24,20,1,6,https://mailchi.mp/9de66c89895d/ebola_kivu_22sept
2018-09-22,2018-09-21,COD,North Kivu,Butembo,2,6,8,2,0,2,0,3,1,0,1,https://mailchi.mp/9de66c89895d/ebola_kivu_22sept
2018-09-22,2018-09-21,COD,North Kivu,Goma,0,0,0,0,0,0,0,0,0,0,0,https://mailchi.mp/9de66c89895d/ebola_kivu_22sept
2018-09-22,2018-09-21,COD,North Kivu,Kalunguta,0,1,1,0,0,0,0,0,0,0,1,https://mailchi.mp/9de66c89895d/ebola_kivu_22sept
2018-09-22,2018-09-21,COD,North Kivu,Mabalako,21,68,89,6,0,6,0,65,44,0,27,https://mailchi.mp/9de66c89895d/ebola_kivu_22sept
2018-09-22,2018-09-21,COD,North Kivu,Masereka,0,1,1,0,0,0,0,1,1,0,0,https://mailchi.mp/9de66c89895d/ebola_kivu_22sept
2018-09-22,2018-09-21,COD,North Kivu,Musienene,1,0,1,0,0,0,0,1,0,0,0,https://mailchi.mp/9de66c89895d/ebola_kivu_22sept
2018-09-22,2018-09-21,COD,North Kivu,Oicha,1,2,3,1,0,1,0,1,0,0,2,https://mailchi.mp/9de66c89895d/ebola_kivu_22sept
2018-09-22,2018-09-21,COD,Ituri,Komanda,0,0,0,0,0,0,0,0,0,0,0,https://mailchi.mp/9de66c89895d/ebola_kivu_22sept
2018-09-22,2018-09-21,COD,Ituri,Mandima,2,9,11,0,0,0,0,3,1,0,3,https://mailchi.mp/9de66c89895d/ebola_kivu_22sept
2018-09-22,2018-09-21,COD,Ituri,Tchomia,0,1,1,0,0,0,0,1,1,0,0,https://mailchi.mp/9de66c89895d/ebola_kivu_22sept
2018-09-21,2018-09-20,COD,North Kivu,Beni,4,28,32,3,0,3,1,24,20,0,5,https://mailchi.mp/4bc95ae1768f/ebola_kivu_21sept
2018-09-21,2018-09-20,COD,North Kivu,Butembo,2,6,8,2,0,2,0,3,1,0,1,https://mailchi.mp/4bc95ae1768f/ebola_kivu_21sept
2018-09-21,2018-09-20,COD,North Kivu,Goma,0,0,0,0,0,0,0,0,0,0,0,https://mailchi.mp/4bc95ae1768f/ebola_kivu_21sept
2018-09-21,2018-09-20,COD,North Kivu,Kalunguta,0,1,1,0,0,0,0,0,0,0,1,https://mailchi.mp/4bc95ae1768f/ebola_kivu_21sept
2018-09-21,2018-09-20,COD,North Kivu,Mabalako,21,68,89,3,0,3,0,65,44,0,27,https://mailchi.mp/4bc95ae1768f/ebola_kivu_21sept
2018-09-21,2018-09-20,COD,North Kivu,Masereka,0,1,1,0,0,0,0,1,1,0,0,https://mailchi.mp/4bc95ae1768f/ebola_kivu_21sept
2018-09-21,2018-09-20,COD,North Kivu,Musienene,1,0,1,1,0,1,0,1,0,0,0,https://mailchi.mp/4bc95ae1768f/ebola_kivu_21sept
2018-09-21,2018-09-20,COD,North Kivu,Oicha,1,2,3,0,0,0,0,1,0,0,2,https://mailchi.mp/4bc95ae1768f/ebola_kivu_21sept
2018-09-21,2018-09-20,COD,Ituri,Komanda,0,0,0,0,0,0,0,0,0,0,0,https://mailchi.mp/4bc95ae1768f/ebola_kivu_21sept
2018-09-21,2018-09-20,COD,Ituri,Mandima,2,9,11,2,0,2,0,3,1,0,3,https://mailchi.mp/4bc95ae1768f/ebola_kivu_21sept
2018-09-21,2018-09-20,COD,Ituri,Tchomia,0,1,1,0,0,0,1,1,1,0,0,https://mailchi.mp/4bc95ae1768f/ebola_kivu_21sept
2018-09-20,2018-09-19,COD,North Kivu,Beni,4,25,29,2,0,2,0,23,19,1,5,https://mailchi.mp/38deffc31ebf/ebola_kivu_20sept
2018-09-20,2018-09-19,COD,North Kivu,Butembo,2,6,8,2,0,2,0,3,1,0,1,https://mailchi.mp/38deffc31ebf/ebola_kivu_20sept
2018-09-20,2018-09-19,COD,North Kivu,Goma,0,0,0,1,0,1,0,0,0,0,0,https://mailchi.mp/38deffc31ebf/ebola_kivu_20sept
2018-09-20,2018-09-19,COD,North Kivu,Kalunguta,0,1,1,0,0,0,0,0,0,0,1,https://mailchi.mp/38deffc31ebf/ebola_kivu_20sept
2018-09-20,2018-09-19,COD,North Kivu,Mabalako,21,68,89,2,0,2,0,65,44,0,27,https://mailchi.mp/38deffc31ebf/ebola_kivu_20sept
2018-09-20,2018-09-19,COD,North Kivu,Masereka,0,1,1,0,0,0,0,1,1,0,0,https://mailchi.mp/38deffc31ebf/ebola_kivu_20sept
2018-09-20,2018-09-19,COD,North Kivu,Musienene,1,0,1,0,0,0,0,1,0,0,0,https://mailchi.mp/38deffc31ebf/ebola_kivu_20sept
2018-09-20,2018-09-19,COD,North Kivu,Oicha,1,2,3,0,0,0,0,1,0,0,2,https://mailchi.mp/38deffc31ebf/ebola_kivu_20sept
2018-09-20,2018-09-19,COD,Ituri,Komanda,0,0,0,0,0,0,0,0,0,0,0,https://mailchi.mp/38deffc31ebf/ebola_kivu_20sept
2018-09-20,2018-09-19,COD,Ituri,Mandima,2,9,11,0,0,0,0,3,1,0,3,https://mailchi.mp/38deffc31ebf/ebola_kivu_20sept
2018-09-19,2018-09-18,COD,North Kivu,Beni,4,25,29,1,0,1,0,23,19,0,4,https://mailchi.mp/695bb330c6a4/ebola_kivu_19sept
2018-09-19,2018-09-18,COD,North Kivu,Butembo,2,5,7,5,0,5,0,3,1,0,1,https://mailchi.mp/695bb330c6a4/ebola_kivu_19sept
2018-09-19,2018-09-18,COD,North Kivu,Goma,0,0,0,1,0,1,0,0,0,0,0,https://mailchi.mp/695bb330c6a4/ebola_kivu_19sept
2018-09-19,2018-09-18,COD,North Kivu,Kalunguta,0,1,1,0,0,0,0,0,0,0,1,https://mailchi.mp/695bb330c6a4/ebola_kivu_19sept
2018-09-19,2018-09-18,COD,North Kivu,Mabalako,21,68,89,1,0,1,0,65,44,0,27,https://mailchi.mp/695bb330c6a4/ebola_kivu_19sept
2018-09-19,2018-09-18,COD,North Kivu,Masereka,0,1,1,0,0,0,0,1,1,0,0,https://mailchi.mp/695bb330c6a4/ebola_kivu_19sept
2018-09-19,2018-09-18,COD,North Kivu,Musienene,1,0,1,0,0,0,0,1,0,0,0,https://mailchi.mp/695bb330c6a4/ebola_kivu_19sept
2018-09-19,2018-09-18,COD,North Kivu,Oicha,1,2,3,0,0,0,0,1,0,0,2,https://mailchi.mp/695bb330c6a4/ebola_kivu_19sept
2018-09-19,2018-09-18,COD,Ituri,Komanda,0,0,0,0,0,0,0,0,0,0,0,https://mailchi.mp/695bb330c6a4/ebola_kivu_19sept
2018-09-19,2018-09-18,COD,Ituri,Mandima,2,9,11,1,0,1,0,3,1,0,3,https://mailchi.mp/695bb330c6a4/ebola_kivu_19sept
2018-09-18,2018-09-17,COD,North Kivu,Beni,4,25,29,3,1,4,0,23,19,0,4,https://mailchi.mp/eec05154b8e8/ebola_kivu_18sept
2018-09-18,2018-09-17,COD,North Kivu,Butembo,2,5,7,0,0,0,0,3,1,0,1,https://mailchi.mp/eec05154b8e8/ebola_kivu_18sept
2018-09-18,2018-09-17,COD,North Kivu,Goma,0,0,0,0,0,0,0,0,0,0,0,https://mailchi.mp/eec05154b8e8/ebola_kivu_18sept
2018-09-18,2018-09-17,COD,North Kivu,Kalunguta,0,1,1,0,0,0,0,0,0,0,1,https://mailchi.mp/eec05154b8e8/ebola_kivu_18sept
2018-09-18,2018-09-17,COD,North Kivu,Mabalako,21,68,89,0,0,0,0,65,44,0,27,https://mailchi.mp/eec05154b8e8/ebola_kivu_18sept
2018-09-18,2018-09-17,COD,North Kivu,Masereka,0,1,1,0,0,0,0,1,1,0,0,https://mailchi.mp/eec05154b8e8/ebola_kivu_18sept
2018-09-18,2018-09-17,COD,North Kivu,Musienene,1,0,1,0,0,0,0,1,0,0,0,https://mailchi.mp/eec05154b8e8/ebola_kivu_18sept
2018-09-18,2018-09-17,COD,North Kivu,Oicha,1,2,3,0,0,0,0,1,0,0,2,https://mailchi.mp/eec05154b8e8/ebola_kivu_18sept
2018-09-18,2018-09-17,COD,Ituri,Komanda,0,0,0,0,0,0,0,0,0,0,0,https://mailchi.mp/eec05154b8e8/ebola_kivu_18sept
2018-09-18,2018-09-17,COD,Ituri,Mandima,2,9,11,2,0,2,0,3,1,0,3,https://mailchi.mp/eec05154b8e8/ebola_kivu_18sept
2018-09-17,2018-09-16,COD,North Kivu,Beni,4,25,29,1,0,1,0,23,19,0,4,https://mailchi.mp/822fafac8a55/ebola_kivu_17sept
2018-09-17,2018-09-16,COD,North Kivu,Butembo,2,5,7,1,0,1,0,3,1,0,1,https://mailchi.mp/822fafac8a55/ebola_kivu_17sept
2018-09-17,2018-09-16,COD,North Kivu,Goma,0,0,0,0,0,0,0,0,0,0,0,https://mailchi.mp/822fafac8a55/ebola_kivu_17sept
2018-09-17,2018-09-16,COD,North Kivu,Kalunguta,0,1,1,0,0,0,0,0,0,0,1,https://mailchi.mp/822fafac8a55/ebola_kivu_17sept
2018-09-17,2018-09-16,COD,North Kivu,Mabalako,21,68,89,1,0,1,0,65,44,0,27,https://mailchi.mp/822fafac8a55/ebola_kivu_17sept
2018-09-17,2018-09-16,COD,North Kivu,Masereka,0,1,1,1,0,1,0,1,1,0,0,https://mailchi.mp/822fafac8a55/ebola_kivu_17sept
2018-09-17,2018-09-16,COD,North Kivu,Musienene,1,0,1,0,0,0,0,1,0,0,0,https://mailchi.mp/822fafac8a55/ebola_kivu_17sept
2018-09-17,2018-09-16,COD,North Kivu,Oicha,1,2,3,2,0,2,0,1,0,0,2,https://mailchi.mp/822fafac8a55/ebola_kivu_17sept
2018-09-17,2018-09-16,COD,Ituri,Komanda,0,0,0,1,0,1,0,0,0,0,0,https://mailchi.mp/822fafac8a55/ebola_kivu_17sept
2018-09-17,2018-09-16,COD,Ituri,Mandima,2,9,11,0,0,0,0,3,1,0,3,https://mailchi.mp/822fafac8a55/ebola_kivu_17sept
2018-09-16,2018-09-15,COD,North Kivu,Beni,4,25,29,1,0,1,2,23,19,0,4,https://mailchi.mp/b9f8278091fc/ebola_kivu_16sept
2018-09-16,2018-09-15,COD,North Kivu,Butembo,2,5,7,1,0,1,0,3,1,0,1,https://mailchi.mp/b9f8278091fc/ebola_kivu_16sept
2018-09-16,2018-09-15,COD,North Kivu,Goma,0,0,0,0,0,0,0,0,0,0,0,https://mailchi.mp/b9f8278091fc/ebola_kivu_16sept
2018-09-16,2018-09-15,COD,North Kivu,Kalunguta,0,1,1,0,0,0,0,0,0,0,1,https://mailchi.mp/b9f8278091fc/ebola_kivu_16sept
2018-09-16,2018-09-15,COD,North Kivu,Mabalako,21,68,89,1,0,1,0,65,44,1,27,https://mailchi.mp/b9f8278091fc/ebola_kivu_16sept
2018-09-16,2018-09-15,COD,North Kivu,Masereka,0,1,1,1,0,1,0,1,1,0,0,https://mailchi.mp/b9f8278091fc/ebola_kivu_16sept
2018-09-16,2018-09-15,COD,North Kivu,Musienene,1,0,1,0,0,0,0,1,0,0,0,https://mailchi.mp/b9f8278091fc/ebola_kivu_16sept
2018-09-16,2018-09-15,COD,North Kivu,Oicha,1,2,3,0,0,0,0,1,0,0,2,https://mailchi.mp/b9f8278091fc/ebola_kivu_16sept
2018-09-16,2018-09-15,COD,Ituri,Mandima,2,9,11,0,0,0,0,3,1,0,3,https://mailchi.mp/b9f8278091fc/ebola_kivu_16sept
2018-09-15,2018-09-14,COD,North Kivu,Beni,4,24,28,1,0,1,1,21,17,0,4,https://mailchi.mp/2e6744c50cf5/ebola_kivu_15sept
2018-09-15,2018-09-14,COD,North Kivu,Butembo,2,4,6,3,0,3,0,3,1,0,1,https://mailchi.mp/2e6744c50cf5/ebola_kivu_15sept
2018-09-15,2018-09-14,COD,North Kivu,Goma,0,0,0,0,0,0,0,0,0,0,0,https://mailchi.mp/2e6744c50cf5/ebola_kivu_15sept
2018-09-15,2018-09-14,COD,North Kivu,Kalunguta,0,1,1,0,0,0,0,0,0,0,1,https://mailchi.mp/2e6744c50cf5/ebola_kivu_15sept
2018-09-15,2018-09-14,COD,North Kivu,Mabalako,21,68,89,0,0,0,0,65,44,0,26,https://mailchi.mp/2e6744c50cf5/ebola_kivu_15sept
2018-09-15,2018-09-14,COD,North Kivu,Masereka,0,1,1,0,0,0,0,1,1,0,0,https://mailchi.mp/2e6744c50cf5/ebola_kivu_15sept
2018-09-15,2018-09-14,COD,North Kivu,Musienene,1,0,1,0,0,0,0,1,0,0,0,https://mailchi.mp/2e6744c50cf5/ebola_kivu_15sept
2018-09-15,2018-09-14,COD,North Kivu,Oicha,1,2,3,0,0,0,0,1,0,0,2,https://mailchi.mp/2e6744c50cf5/ebola_kivu_15sept
2018-09-15,2018-09-14,COD,Ituri,Mandima,2,9,11,1,0,1,0,3,1,0,3,https://mailchi.mp/2e6744c50cf5/ebola_kivu_15sept
2018-09-14,2018-09-13,COD,North Kivu,Beni,4,24,28,3,0,3,1,20,16,0,4,https://mailchi.mp/820051e5d093/ebola_kivu_14sept
2018-09-14,2018-09-13,COD,North Kivu,Butembo,2,4,6,5,0,5,0,3,1,0,1,https://mailchi.mp/820051e5d093/ebola_kivu_14sept
2018-09-14,2018-09-13,COD,North Kivu,Goma,0,0,0,0,0,0,0,0,0,0,0,https://mailchi.mp/820051e5d093/ebola_kivu_14sept
2018-09-14,2018-09-13,COD,North Kivu,Kalunguta,0,1,1,0,0,0,0,0,0,0,1,https://mailchi.mp/820051e5d093/ebola_kivu_14sept
2018-09-14,2018-09-13,COD,North Kivu,Mabalako,21,68,89,2,0,2,1,65,44,0,26,https://mailchi.mp/820051e5d093/ebola_kivu_14sept
2018-09-14,2018-09-13,COD,North Kivu,Masereka,0,1,1,2,0,2,0,1,1,0,0,https://mailchi.mp/820051e5d093/ebola_kivu_14sept
2018-09-14,2018-09-13,COD,North Kivu,Musienene,1,0,1,0,0,0,0,1,0,0,0,https://mailchi.mp/820051e5d093/ebola_kivu_14sept
2018-09-14,2018-09-13,COD,North Kivu,Oicha,1,2,3,1,0,1,0,1,0,0,2,https://mailchi.mp/820051e5d093/ebola_kivu_14sept
2018-09-14,2018-09-13,COD,Ituri,Mandima,2,9,11,0,0,0,0,3,1,0,3,https://mailchi.mp/820051e5d093/ebola_kivu_14sept
2018-09-13,2018-09-12,COD,North Kivu,Beni,4,21,25,8,0,8,0,19,15,0,4,https://mailchi.mp/c58e80fafe6f/ebola_kivu_13sept
2018-09-13,2018-09-12,COD,North Kivu,Butembo,2,4,6,4,0,4,0,3,1,0,1,https://mailchi.mp/c58e80fafe6f/ebola_kivu_13sept
2018-09-13,2018-09-12,COD,North Kivu,Goma,0,0,0,0,0,0,0,0,0,0,0,https://mailchi.mp/c58e80fafe6f/ebola_kivu_13sept
2018-09-13,2018-09-12,COD,North Kivu,Kalunguta,0,1,1,0,0,0,0,0,0,0,1,https://mailchi.mp/c58e80fafe6f/ebola_kivu_13sept
2018-09-13,2018-09-12,COD,North Kivu,Mabalako,21,68,89,2,0,2,0,64,43,0,26,https://mailchi.mp/c58e80fafe6f/ebola_kivu_13sept
2018-09-13,2018-09-12,COD,North Kivu,Masereka,0,1,1,2,0,2,0,1,1,0,0,https://mailchi.mp/c58e80fafe6f/ebola_kivu_13sept
2018-09-13,2018-09-12,COD,North Kivu,Musienene,1,0,1,0,0,0,0,1,0,0,0,https://mailchi.mp/c58e80fafe6f/ebola_kivu_13sept
2018-09-13,2018-09-12,COD,North Kivu,Oicha,1,2,3,1,0,1,0,1,0,0,2,https://mailchi.mp/c58e80fafe6f/ebola_kivu_13sept
2018-09-13,2018-09-12,COD,Ituri,Mandima,2,9,11,0,0,0,0,3,1,0,3,https://mailchi.mp/c58e80fafe6f/ebola_kivu_13sept
2018-09-12,2018-09-11,COD,North Kivu,Beni,4,20,24,2,0,2,0,19,15,0,4,https://mailchi.mp/1644c6a622ef/ebola_kivu_12sept
2018-09-12,2018-09-11,COD,North Kivu,Butembo,2,3,5,4,0,4,0,3,1,0,1,https://mailchi.mp/1644c6a622ef/ebola_kivu_12sept
2018-09-12,2018-09-11,COD,North Kivu,Goma,0,0,0,0,0,0,0,0,0,0,0,https://mailchi.mp/1644c6a622ef/ebola_kivu_12sept
2018-09-12,2018-09-11,COD,North Kivu,Kalunguta,0,1,1,0,0,0,0,0,0,0,1,https://mailchi.mp/1644c6a622ef/ebola_kivu_12sept
2018-09-12,2018-09-11,COD,North Kivu,Mabalako,21,66,87,5,3,8,0,64,43,0,26,https://mailchi.mp/1644c6a622ef/ebola_kivu_12sept
2018-09-12,2018-09-11,COD,North Kivu,Masereka,0,1,1,2,0,2,0,1,1,0,0,https://mailchi.mp/1644c6a622ef/ebola_kivu_12sept
2018-09-12,2018-09-11,COD,North Kivu,Musienene,1,0,1,0,0,0,0,1,0,0,0,https://mailchi.mp/1644c6a622ef/ebola_kivu_12sept
2018-09-12,2018-09-11,COD,North Kivu,Oicha,1,2,3,2,0,2,0,1,0,0,2,https://mailchi.mp/1644c6a622ef/ebola_kivu_12sept
2018-09-12,2018-09-11,COD,Ituri,Mandima,2,9,11,1,0,1,0,3,1,0,3,https://mailchi.mp/1644c6a622ef/ebola_kivu_12sept
2018-09-11,2018-09-10,COD,North Kivu,Beni,4,20,24,3,0,3,0,19,15,0,4,https://mailchi.mp/ff1463ead572/ebola_kivu_11sept
2018-09-11,2018-09-10,COD,North Kivu,Butembo,2,2,4,0,0,0,0,3,1,1,1,https://mailchi.mp/ff1463ead572/ebola_kivu_11sept
2018-09-11,2018-09-10,COD,North Kivu,Goma,0,0,0,1,0,1,0,0,0,0,0,https://mailchi.mp/ff1463ead572/ebola_kivu_11sept
2018-09-11,2018-09-10,COD,North Kivu,Kalunguta,0,1,1,0,0,0,0,0,0,0,1,https://mailchi.mp/ff1463ead572/ebola_kivu_11sept
2018-09-11,2018-09-10,COD,North Kivu,Mabalako,21,66,87,3,2,5,1,64,43,0,26,https://mailchi.mp/ff1463ead572/ebola_kivu_11sept
2018-09-11,2018-09-10,COD,North Kivu,Masereka,0,1,1,0,0,0,0,1,1,0,0,https://mailchi.mp/ff1463ead572/ebola_kivu_11sept
2018-09-11,2018-09-10,COD,North Kivu,Musienene,1,0,1,0,0,0,0,1,0,0,0,https://mailchi.mp/ff1463ead572/ebola_kivu_11sept
2018-09-11,2018-09-10,COD,North Kivu,Oicha,1,2,3,0,0,0,0,1,0,0,2,https://mailchi.mp/ff1463ead572/ebola_kivu_11sept
2018-09-11,2018-09-10,COD,Ituri,Mandima,2,9,11,0,0,0,0,3,1,0,3,https://mailchi.mp/ff1463ead572/ebola_kivu_11sept
2018-09-10,2018-09-09,COD,North Kivu,Beni,4,20,24,1,1,2,1,19,15,1,4,https://mailchi.mp/196210a9e992/ebola_kivu_10sept
2018-09-10,2018-09-09,COD,North Kivu,Butembo,2,2,4,0,0,0,0,3,1,0,0,https://mailchi.mp/196210a9e992/ebola_kivu_10sept
2018-09-10,2018-09-09,COD,North Kivu,Kalunguta,0,1,1,0,0,0,0,0,0,0,1,https://mailchi.mp/196210a9e992/ebola_kivu_10sept
2018-09-10,2018-09-09,COD,North Kivu,Mabalako,21,66,87,2,5,7,0,63,42,0,26,https://mailchi.mp/196210a9e992/ebola_kivu_10sept
2018-09-10,2018-09-09,COD,North Kivu,Masereka,0,1,1,0,0,0,0,1,1,0,0,https://mailchi.mp/196210a9e992/ebola_kivu_10sept
2018-09-10,2018-09-09,COD,North Kivu,Musienene,1,0,1,0,0,0,0,1,0,0,0,https://mailchi.mp/196210a9e992/ebola_kivu_10sept
2018-09-10,2018-09-09,COD,North Kivu,Oicha,1,2,3,0,0,0,0,1,0,0,2,https://mailchi.mp/196210a9e992/ebola_kivu_10sept
2018-09-10,2018-09-09,COD,Ituri,Mandima,2,9,11,0,0,0,0,3,1,0,3,https://mailchi.mp/196210a9e992/ebola_kivu_10sept
2018-09-09,2018-09-08,COD,North Kivu,Beni,4,20,24,3,1,4,0,18,14,0,3,https://mailchi.mp/363955d77983/ebola_kivu_9sept
2018-09-09,2018-09-08,COD,North Kivu,Butembo,2,1,3,0,0,0,0,3,1,0,0,https://mailchi.mp/363955d77983/ebola_kivu_9sept
2018-09-09,2018-09-08,COD,North Kivu,Kalunguta,0,1,1,0,0,0,0,0,0,0,1,https://mailchi.mp/363955d77983/ebola_kivu_9sept
2018-09-09,2018-09-08,COD,North Kivu,Mabalako,21,66,87,9,7,16,0,63,42,0,26,https://mailchi.mp/363955d77983/ebola_kivu_9sept
2018-09-09,2018-09-08,COD,North Kivu,Masereka,0,1,1,0,0,0,0,1,1,0,0,https://mailchi.mp/363955d77983/ebola_kivu_9sept
2018-09-09,2018-09-08,COD,North Kivu,Musienene,1,0,1,0,0,0,0,1,0,0,0,https://mailchi.mp/363955d77983/ebola_kivu_9sept
2018-09-09,2018-09-08,COD,North Kivu,Oicha,1,2,3,0,0,0,0,1,0,0,2,https://mailchi.mp/363955d77983/ebola_kivu_9sept
2018-09-09,2018-09-08,COD,Ituri,Mandima,2,9,11,0,0,0,0,3,1,0,3,https://mailchi.mp/363955d77983/ebola_kivu_9sept
2018-09-08,2018-09-07,COD,North Kivu,Beni,4,20,24,1,0,1,1,18,14,0,3,https://mailchi.mp/b0c4027473ad/ebola_kivu_8sept
2018-09-08,2018-09-07,COD,North Kivu,Butembo,2,1,3,3,0,3,0,3,1,0,0,https://mailchi.mp/b0c4027473ad/ebola_kivu_8sept
2018-09-08,2018-09-07,COD,North Kivu,Kalunguta,0,1,1,0,0,0,0,0,0,0,1,https://mailchi.mp/b0c4027473ad/ebola_kivu_8sept
2018-09-08,2018-09-07,COD,North Kivu,Mabalako,21,66,87,7,0,7,0,63,42,2,26,https://mailchi.mp/b0c4027473ad/ebola_kivu_8sept
2018-09-08,2018-09-07,COD,North Kivu,Masereka,0,1,1,0,0,0,0,1,1,0,0,https://mailchi.mp/b0c4027473ad/ebola_kivu_8sept
2018-09-08,2018-09-07,COD,North Kivu,Musienene,1,0,1,0,0,0,0,1,0,0,0,https://mailchi.mp/b0c4027473ad/ebola_kivu_8sept
2018-09-08,2018-09-07,COD,North Kivu,Oicha,1,2,3,1,0,1,0,1,0,0,2,https://mailchi.mp/b0c4027473ad/ebola_kivu_8sept
2018-09-08,2018-09-07,COD,Ituri,Mandima,2,9,11,2,0,2,0,3,1,0,3,https://mailchi.mp/b0c4027473ad/ebola_kivu_8sept
2018-09-07,2018-09-06,COD,North Kivu,Beni,4,18,22,2,0,2,0,17,13,0,3,https://mailchi.mp/d8019cbd3724/ebola_kivu_7sept
2018-09-07,2018-09-06,COD,North Kivu,Butembo,2,1,3,1,0,1,0,3,1,0,0,https://mailchi.mp/d8019cbd3724/ebola_kivu_7sept
2018-09-07,2018-09-06,COD,North Kivu,Kalunguta,0,1,1,0,0,0,0,0,0,0,1,https://mailchi.mp/d8019cbd3724/ebola_kivu_7sept
2018-09-07,2018-09-06,COD,North Kivu,Mabalako,21,66,87,4,0,4,0,63,42,1,24,https://mailchi.mp/d8019cbd3724/ebola_kivu_7sept
2018-09-07,2018-09-06,COD,North Kivu,Masereka,0,1,1,0,0,0,0,1,1,0,0,https://mailchi.mp/d8019cbd3724/ebola_kivu_7sept
2018-09-07,2018-09-06,COD,North Kivu,Musienene,1,0,1,0,0,0,0,1,0,0,0,https://mailchi.mp/d8019cbd3724/ebola_kivu_7sept
2018-09-07,2018-09-06,COD,North Kivu,Oicha,1,2,3,1,0,1,0,1,0,0,2,https://mailchi.mp/d8019cbd3724/ebola_kivu_7sept
2018-09-07,2018-09-06,COD,Ituri,Mandima,2,9,11,1,0,1,0,3,1,0,3,https://mailchi.mp/d8019cbd3724/ebola_kivu_7sept
2018-09-06,2018-09-05,COD,North Kivu,Beni,4,18,22,1,0,1,1,17,13,,,https://us13.campaign-archive.com/?u=89e5755d2cca4840b1af93176&id=540896bcd7
2018-09-06,2018-09-05,COD,North Kivu,Butembo,2,1,3,0,0,0,0,3,1,,,https://us13.campaign-archive.com/?u=89e5755d2cca4840b1af93176&id=540896bcd7
2018-09-06,2018-09-05,COD,North Kivu,Kalunguta,0,1,1,0,0,0,0,0,0,,,https://us13.campaign-archive.com/?u=89e5755d2cca4840b1af93176&id=540896bcd7
2018-09-06,2018-09-05,COD,North Kivu,Mabalako,21,66,87,5,0,5,0,63,42,,,https://us13.campaign-archive.com/?u=89e5755d2cca4840b1af93176&id=540896bcd7
2018-09-06,2018-09-05,COD,North Kivu,Masereka,0,1,1,0,0,0,1,1,1,,,https://us13.campaign-archive.com/?u=89e5755d2cca4840b1af93176&id=540896bcd7
2018-09-06,2018-09-05,COD,North Kivu,Musienene,1,0,1,0,0,0,0,1,0,,,https://us13.campaign-archive.com/?u=89e5755d2cca4840b1af93176&id=540896bcd7
2018-09-06,2018-09-05,COD,North Kivu,Oicha,1,2,3,0,0,0,0,1,0,,,https://us13.campaign-archive.com/?u=89e5755d2cca4840b1af93176&id=540896bcd7
2018-09-06,2018-09-05,COD,Ituri,Mandima,2,9,11,1,0,1,0,3,1,,,https://us13.campaign-archive.com/?u=89e5755d2cca4840b1af93176&id=540896bcd7
2018-09-05,2018-09-04,COD,North Kivu,Beni,4,17,21,1,0,1,1,16,12,,,https://mailchi.mp/534570505aa4/ebola_kivu_5sept-erratum
2018-09-05,2018-09-04,COD,North Kivu,Butembo,2,1,3,0,0,0,1,3,1,,,https://mailchi.mp/534570505aa4/ebola_kivu_5sept-erratum
2018-09-05,2018-09-04,COD,North Kivu,Kalunguta,0,1,1,0,0,0,0,0,0,,,https://mailchi.mp/534570505aa4/ebola_kivu_5sept-erratum
2018-09-05,2018-09-04,COD,North Kivu,Mabalako,21,66,87,3,0,3,0,63,42,,,https://mailchi.mp/534570505aa4/ebola_kivu_5sept-erratum
2018-09-05,2018-09-04,COD,North Kivu,Musienene,1,0,1,0,0,0,0,1,0,,,https://mailchi.mp/534570505aa4/ebola_kivu_5sept-erratum
2018-09-05,2018-09-04,COD,North Kivu,Oicha,1,2,3,0,0,0,0,1,0,,,https://mailchi.mp/534570505aa4/ebola_kivu_5sept-erratum
2018-09-05,2018-09-04,COD,Ituri,Mandima,2,9,11,0,0,0,0,3,1,,,https://mailchi.mp/534570505aa4/ebola_kivu_5sept-erratum
2018-09-04,2018-09-03,COD,North Kivu,Beni,4,18,22,4,4,8,3,15,11,,,https://mailchi.mp/b54b63c3f920/ebola_kivu_4sept
2018-09-04,2018-09-03,COD,North Kivu,Butembo,2,0,2,0,0,0,0,2,0,,,https://mailchi.mp/b54b63c3f920/ebola_kivu_4sept
2018-09-04,2018-09-03,COD,North Kivu,Mabalako,21,65,86,5,3,8,1,63,42,,,https://mailchi.mp/b54b63c3f920/ebola_kivu_4sept
2018-09-04,2018-09-03,COD,North Kivu,Musienene,1,0,1,0,0,0,0,1,0,,,https://mailchi.mp/b54b63c3f920/ebola_kivu_4sept
2018-09-04,2018-09-03,COD,North Kivu,Oicha,1,2,3,0,0,0,0,1,0,,,https://mailchi.mp/b54b63c3f920/ebola_kivu_4sept
2018-09-04,2018-09-03,COD,Ituri,Mandima,2,8,10,0,0,0,0,3,1,,,https://mailchi.mp/b54b63c3f920/ebola_kivu_4sept
2018-09-03,2018-09-02,COD,North Kivu,Beni,3,16,19,1,3,4,1,12,9,,,https://mailchi.mp/f0e9bc8d9e2e/ebola_kivu_3sept
2018-09-03,2018-09-02,COD,North Kivu,Butembo,2,0,2,0,3,3,0,2,0,,,https://mailchi.mp/f0e9bc8d9e2e/ebola_kivu_3sept
2018-09-03,2018-09-02,COD,North Kivu,Mabalako,21,65,86,5,1,6,0,62,41,,,https://mailchi.mp/f0e9bc8d9e2e/ebola_kivu_3sept
2018-09-03,2018-09-02,COD,North Kivu,Musienene,1,0,1,0,0,0,0,1,0,,,https://mailchi.mp/f0e9bc8d9e2e/ebola_kivu_3sept
2018-09-03,2018-09-02,COD,North Kivu,Oicha,1,2,3,0,1,1,0,1,0,,,https://mailchi.mp/f0e9bc8d9e2e/ebola_kivu_3sept
2018-09-03,2018-09-02,COD,Ituri,Mandima,2,8,10,0,0,0,0,3,1,,,https://mailchi.mp/f0e9bc8d9e2e/ebola_kivu_3sept
2018-09-02,2018-09-01,COD,North Kivu,Beni,3,15,18,3,1,4,1,11,8,,,https://mailchi.mp/fe4fb528194b/ebola_kivu_2sept
2018-09-02,2018-09-01,COD,North Kivu,Butembo,2,0,2,3,0,3,0,2,0,,,https://mailchi.mp/fe4fb528194b/ebola_kivu_2sept
2018-09-02,2018-09-01,COD,North Kivu,Mabalako,21,65,86,1,3,4,1,62,41,,,https://mailchi.mp/fe4fb528194b/ebola_kivu_2sept
2018-09-02,2018-09-01,COD,North Kivu,Musienene,1,0,1,0,0,0,0,1,0,,,https://mailchi.mp/fe4fb528194b/ebola_kivu_2sept
2018-09-02,2018-09-01,COD,North Kivu,Oicha,1,2,3,1,0,1,0,1,0,,,https://mailchi.mp/fe4fb528194b/ebola_kivu_2sept
2018-09-02,2018-09-01,COD,Ituri,Mandima,2,8,10,0,0,0,0,3,1,,,https://mailchi.mp/fe4fb528194b/ebola_kivu_2sept
2018-09-01,2018-08-31,COD,North Kivu,Beni,3,15,18,4,3,7,0,10,7,,,https://mailchi.mp/221fb6ed0a42/ebola_kivu_1sept
2018-09-01,2018-08-31,COD,North Kivu,Butembo,2,0,2,0,0,0,0,2,0,,,https://mailchi.mp/221fb6ed0a42/ebola_kivu_1sept
2018-09-01,2018-08-31,COD,North Kivu,Mabalako,21,65,86,3,1,4,1,61,40,,,https://mailchi.mp/221fb6ed0a42/ebola_kivu_1sept
2018-09-01,2018-08-31,COD,North Kivu,Musienene,1,0,1,0,0,0,0,1,0,,,https://mailchi.mp/221fb6ed0a42/ebola_kivu_1sept
2018-09-01,2018-08-31,COD,North Kivu,Oicha,1,2,3,0,0,0,0,1,0,,,https://mailchi.mp/221fb6ed0a42/ebola_kivu_1sept
2018-09-01,2018-08-31,COD,Ituri,Mandima,2,8,10,0,0,0,0,3,1,,,https://mailchi.mp/221fb6ed0a42/ebola_kivu_1sept
2018-08-31,2018-08-30,COD,North Kivu,Beni,3,13,16,3,3,6,0,10,7,,,https://mailchi.mp/230a80c1c317/ebola_kivu_31aout
2018-08-31,2018-08-30,COD,North Kivu,Butembo,2,0,2,0,0,0,0,2,0,,,https://mailchi.mp/230a80c1c317/ebola_kivu_31aout
2018-08-31,2018-08-30,COD,North Kivu,Mabalako,21,65,86,1,5,6,0,60,39,,,https://mailchi.mp/230a80c1c317/ebola_kivu_31aout
2018-08-31,2018-08-30,COD,North Kivu,Musienene,1,0,1,0,0,0,0,1,0,,,https://mailchi.mp/230a80c1c317/ebola_kivu_31aout
2018-08-31,2018-08-30,COD,North Kivu,Oicha,1,2,3,1,0,1,0,1,0,,,https://mailchi.mp/230a80c1c317/ebola_kivu_31aout
2018-08-31,2018-08-30,COD,Ituri,Mandima,2,8,10,0,0,0,0,3,1,,,https://mailchi.mp/230a80c1c317/ebola_kivu_31aout
2018-08-30,2018-08-29,COD,North Kivu,Beni,3,11,14,3,0,3,0,10,7,,,https://mailchi.mp/1012b27227bc/ebola_kivu_30aout
2018-08-30,2018-08-29,COD,North Kivu,Butembo,2,0,2,0,0,0,0,2,0,,,https://mailchi.mp/1012b27227bc/ebola_kivu_30aout
2018-08-30,2018-08-29,COD,North Kivu,Mabalako,21,65,86,5,0,5,0,60,39,,,https://mailchi.mp/1012b27227bc/ebola_kivu_30aout
2018-08-30,2018-08-29,COD,North Kivu,Musienene,1,0,1,0,0,0,0,1,0,,,https://mailchi.mp/1012b27227bc/ebola_kivu_30aout
2018-08-30,2018-08-29,COD,North Kivu,Oicha,1,2,3,0,0,0,0,1,0,,,https://mailchi.mp/1012b27227bc/ebola_kivu_30aout
2018-08-30,2018-08-29,COD,Ituri,Mandima,2,8,10,0,0,0,0,3,1,,,https://mailchi.mp/1012b27227bc/ebola_kivu_30aout
2018-08-29,2018-08-28,COD,North Kivu,Beni,3,10,13,5,0,5,2,10,7,,,https://mailchi.mp/aa63872541fd/ebola_kivu_29aout
2018-08-29,2018-08-28,COD,North Kivu,Butembo,2,0,2,0,0,0,0,2,0,,,https://mailchi.mp/aa63872541fd/ebola_kivu_29aout
2018-08-29,2018-08-28,COD,North Kivu,Mabalako,21,65,86,5,0,5,0,60,39,,,https://mailchi.mp/aa63872541fd/ebola_kivu_29aout
2018-08-29,2018-08-28,COD,North Kivu,Musienene,1,0,1,0,0,0,0,1,0,,,https://mailchi.mp/aa63872541fd/ebola_kivu_29aout
2018-08-29,2018-08-28,COD,North Kivu,Oicha,1,2,3,0,0,0,0,1,0,,,https://mailchi.mp/aa63872541fd/ebola_kivu_29aout
2018-08-29,2018-08-28,COD,Ituri,Mandima,2,8,10,0,0,0,0,3,1,,,https://mailchi.mp/aa63872541fd/ebola_kivu_29aout
2018-08-28,2018-08-27,COD,North Kivu,Beni,1,10,11,1,2,3,0,8,7,,,https://mailchi.mp/49dc88255f69/ebola_kivu_28aout
2018-08-28,2018-08-27,COD,North Kivu,Butembo,2,0,2,0,0,0,0,2,0,,,https://mailchi.mp/49dc88255f69/ebola_kivu_28aout
2018-08-28,2018-08-27,COD,North Kivu,Goma,0,0,0,2,0,2,0,0,0,,,https://mailchi.mp/49dc88255f69/ebola_kivu_28aout
2018-08-28,2018-08-27,COD,North Kivu,Mabalako,21,64,85,5,4,9,0,60,39,,,https://mailchi.mp/49dc88255f69/ebola_kivu_28aout
2018-08-28,2018-08-27,COD,North Kivu,Musienene,1,0,1,0,0,0,0,1,0,,,https://mailchi.mp/49dc88255f69/ebola_kivu_28aout
2018-08-28,2018-08-27,COD,North Kivu,Oicha,1,2,3,1,0,1,0,1,0,,,https://mailchi.mp/49dc88255f69/ebola_kivu_28aout
2018-08-28,2018-08-27,COD,Ituri,Mandima,2,8,10,2,1,3,0,3,1,,,https://mailchi.mp/49dc88255f69/ebola_kivu_28aout
2018-08-27,2018-08-26,COD,North Kivu,Beni,1,10,11,2,1,3,1,8,7,,,https://mailchi.mp/4b1528882fd6/ebola_kivu_27aout
2018-08-27,2018-08-26,COD,North Kivu,Butembo,2,0,2,0,0,0,0,2,0,,,https://mailchi.mp/4b1528882fd6/ebola_kivu_27aout
2018-08-27,2018-08-26,COD,North Kivu,Mabalako,21,64,85,3,3,6,2,60,39,,,https://mailchi.mp/4b1528882fd6/ebola_kivu_27aout
2018-08-27,2018-08-26,COD,North Kivu,Musienene,1,0,1,0,0,0,0,1,0,,,https://mailchi.mp/4b1528882fd6/ebola_kivu_27aout
2018-08-27,2018-08-26,COD,North Kivu,Oicha,1,2,3,0,0,0,0,1,0,,,https://mailchi.mp/4b1528882fd6/ebola_kivu_27aout
2018-08-27,2018-08-26,COD,Ituri,Mandima,2,7,9,1,0,1,0,3,1,,,https://mailchi.mp/4b1528882fd6/ebola_kivu_27aout
2018-08-26,2018-08-25,COD,North Kivu,Beni,1,10,11,2,0,2,1,7,6,,,https://mailchi.mp/9feedcd3907b/ebola_kivu_26aout
2018-08-26,2018-08-25,COD,North Kivu,Butembo,2,0,2,1,0,1,0,2,0,,,https://mailchi.mp/9feedcd3907b/ebola_kivu_26aout
2018-08-26,2018-08-25,COD,North Kivu,Mabalako,21,64,85,2,1,3,1,58,37,,,https://mailchi.mp/9feedcd3907b/ebola_kivu_26aout
2018-08-26,2018-08-25,COD,North Kivu,Musienene,1,0,1,0,0,0,0,1,0,,,https://mailchi.mp/9feedcd3907b/ebola_kivu_26aout
2018-08-26,2018-08-25,COD,North Kivu,Oicha,1,2,3,0,0,0,0,1,0,,,https://mailchi.mp/9feedcd3907b/ebola_kivu_26aout
2018-08-26,2018-08-25,COD,Ituri,Mandima,2,7,9,0,0,0,0,3,1,,,https://mailchi.mp/9feedcd3907b/ebola_kivu_26aout
2018-08-25,2018-08-24,COD,North Kivu,Beni,1,7,8,2,0,2,0,6,5,,,https://mailchi.mp/c9c7043a5a23/ebola_kivu_25aout
2018-08-25,2018-08-24,COD,North Kivu,Butembo,2,0,2,1,0,1,0,2,0,,,https://mailchi.mp/c9c7043a5a23/ebola_kivu_25aout
2018-08-25,2018-08-24,COD,North Kivu,Mabalako,21,63,84,2,1,3,3,57,36,,,https://mailchi.mp/c9c7043a5a23/ebola_kivu_25aout
2018-08-25,2018-08-24,COD,North Kivu,Musienene,1,0,1,0,0,0,0,1,0,,,https://mailchi.mp/c9c7043a5a23/ebola_kivu_25aout
2018-08-25,2018-08-24,COD,North Kivu,Oicha,1,2,3,0,0,0,0,1,0,,,https://mailchi.mp/c9c7043a5a23/ebola_kivu_25aout
2018-08-25,2018-08-24,COD,Ituri,Mandima,2,7,9,0,0,0,0,3,1,,,https://mailchi.mp/c9c7043a5a23/ebola_kivu_25aout
2018-08-24,2018-08-23,COD,North Kivu,Beni,1,7,8,1,0,1,2,6,5,,,https://mailchi.mp/970b172dfebc/ebola_kivu_24aout
2018-08-24,2018-08-23,COD,North Kivu,Butembo,2,0,2,0,0,0,0,2,0,,,https://mailchi.mp/970b172dfebc/ebola_kivu_24aout
2018-08-24,2018-08-23,COD,North Kivu,Mabalako,21,62,83,7,0,7,2,54,33,,,https://mailchi.mp/970b172dfebc/ebola_kivu_24aout
2018-08-24,2018-08-23,COD,North Kivu,Musienene,1,0,1,0,0,0,0,1,0,,,https://mailchi.mp/970b172dfebc/ebola_kivu_24aout
2018-08-24,2018-08-23,COD,North Kivu,Oicha,1,1,2,0,0,0,0,1,0,,,https://mailchi.mp/970b172dfebc/ebola_kivu_24aout
2018-08-24,2018-08-23,COD,Ituri,Mandima,2,7,9,2,0,2,0,3,1,,,https://mailchi.mp/970b172dfebc/ebola_kivu_24aout
2018-08-23,2018-08-22,COD,North Kivu,Beni,0,6,6,3,0,3,0,4,4,,,https://mailchi.mp/ad8db275a17f/ebola_kivu_23aout
2018-08-23,2018-08-22,COD,North Kivu,Butembo,2,0,2,0,0,0,0,2,0,,,https://mailchi.mp/ad8db275a17f/ebola_kivu_23aout
2018-08-23,2018-08-22,COD,North Kivu,Mabalako,21,62,83,3,6,9,2,52,31,,,https://mailchi.mp/ad8db275a17f/ebola_kivu_23aout
2018-08-23,2018-08-22,COD,North Kivu,Musienene,1,0,1,0,0,0,0,1,0,,,https://mailchi.mp/ad8db275a17f/ebola_kivu_23aout
2018-08-23,2018-08-22,COD,North Kivu,Oicha,1,1,2,0,1,1,0,1,0,,,https://mailchi.mp/ad8db275a17f/ebola_kivu_23aout
2018-08-23,2018-08-22,COD,Ituri,Mandima,2,7,9,0,0,0,0,3,1,,,https://mailchi.mp/ad8db275a17f/ebola_kivu_23aout
2018-08-22,2018-08-21,COD,North Kivu,Beni,0,6,6,0,0,0,0,4,4,,,https://mailchi.mp/9abcbef79b2c/ebola_kivu_22aout
2018-08-22,2018-08-21,COD,North Kivu,Butembo,2,0,2,0,0,0,0,2,0,,,https://mailchi.mp/9abcbef79b2c/ebola_kivu_22aout
2018-08-22,2018-08-21,COD,North Kivu,Mabalako,21,62,83,6,0,6,2,50,29,,,https://mailchi.mp/9abcbef79b2c/ebola_kivu_22aout
2018-08-22,2018-08-21,COD,North Kivu,Musienene,1,0,1,0,0,0,0,1,0,,,https://mailchi.mp/9abcbef79b2c/ebola_kivu_22aout
2018-08-22,2018-08-21,COD,North Kivu,Oicha,1,1,2,1,0,1,0,1,0,,,https://mailchi.mp/9abcbef79b2c/ebola_kivu_22aout
2018-08-22,2018-08-21,COD,Ituri,Mandima,2,7,9,0,0,0,0,3,1,,,https://mailchi.mp/9abcbef79b2c/ebola_kivu_22aout
2018-08-21,2018-08-20,COD,North Kivu,Beni,0,6,6,0,0,0,1,4,4,,,https://mailchi.mp/58d0398606a4/ebola_kivu_21aout
2018-08-21,2018-08-20,COD,North Kivu,Butembo,2,0,2,0,0,0,0,2,0,,,https://mailchi.mp/58d0398606a4/ebola_kivu_21aout
2018-08-21,2018-08-20,COD,North Kivu,Mabalako,21,61,82,7,0,7,3,48,27,,,https://mailchi.mp/58d0398606a4/ebola_kivu_21aout
2018-08-21,2018-08-20,COD,North Kivu,Musienene,1,0,1,0,0,0,0,1,0,,,https://mailchi.mp/58d0398606a4/ebola_kivu_21aout
2018-08-21,2018-08-20,COD,North Kivu,Oicha,1,1,2,2,0,2,0,1,0,,,https://mailchi.mp/58d0398606a4/ebola_kivu_21aout
2018-08-21,2018-08-20,COD,Ituri,Mandima,2,7,9,0,0,0,0,3,1,,,https://mailchi.mp/58d0398606a4/ebola_kivu_21aout
2018-08-20,2018-08-19,COD,North Kivu,Beni,0,5,5,2,0,2,0,3,3,,,https://mailchi.mp/bad94a83ea28/ebola_kivu_20aout
2018-08-20,2018-08-19,COD,North Kivu,Butembo,2,0,2,0,0,0,0,2,0,,,https://mailchi.mp/bad94a83ea28/ebola_kivu_20aout
2018-08-20,2018-08-19,COD,North Kivu,Mabalako,21,57,78,3,0,3,5,45,24,,,https://mailchi.mp/bad94a83ea28/ebola_kivu_20aout
2018-08-20,2018-08-19,COD,North Kivu,Musienene,1,0,1,0,0,0,0,1,0,,,https://mailchi.mp/bad94a83ea28/ebola_kivu_20aout
2018-08-20,2018-08-19,COD,North Kivu,Oicha,1,0,1,0,0,0,0,1,0,,,https://mailchi.mp/bad94a83ea28/ebola_kivu_20aout
2018-08-20,2018-08-19,COD,Ituri,Mandima,2,7,9,0,0,0,0,3,1,,,https://mailchi.mp/bad94a83ea28/ebola_kivu_20aout
2018-08-19,2018-08-18,COD,North Kivu,Beni,0,5,5,2,1,3,0,3,3,,,https://mailchi.mp/231176da338d/ebola_kivu_19aout
2018-08-19,2018-08-18,COD,North Kivu,Butembo,2,0,2,0,0,0,0,2,0,,,https://mailchi.mp/231176da338d/ebola_kivu_19aout
2018-08-19,2018-08-18,COD,North Kivu,Goma,0,0,0,1,3,4,0,0,0,,,https://mailchi.mp/231176da338d/ebola_kivu_19aout
2018-08-19,2018-08-18,COD,North Kivu,Mabalako,21,52,73,5,0,5,1,40,19,,,https://mailchi.mp/231176da338d/ebola_kivu_19aout
2018-08-19,2018-08-18,COD,North Kivu,Musienene,1,0,1,0,0,0,0,1,0,,,https://mailchi.mp/231176da338d/ebola_kivu_19aout
2018-08-19,2018-08-18,COD,North Kivu,Oicha,1,0,1,0,0,0,0,1,0,,,https://mailchi.mp/231176da338d/ebola_kivu_19aout
2018-08-19,2018-08-18,COD,Ituri,Mandima,2,7,9,0,0,0,0,3,1,,,https://mailchi.mp/231176da338d/ebola_kivu_19aout
2018-08-18,2018-08-17,COD,North Kivu,Beni,0,5,5,2,5,7,0,3,3,,,https://mailchi.mp/758eb254afd1/ebola_kivu_18aout
2018-08-18,2018-08-17,COD,North Kivu,Butembo,2,0,2,0,0,0,0,2,0,,,https://mailchi.mp/758eb254afd1/ebola_kivu_18aout
2018-08-18,2018-08-17,COD,North Kivu,Goma,0,0,0,1,2,3,0,0,0,,,https://mailchi.mp/758eb254afd1/ebola_kivu_18aout
2018-08-18,2018-08-17,COD,North Kivu,Mabalako,21,51,72,6,3,9,2,39,18,,,https://mailchi.mp/758eb254afd1/ebola_kivu_18aout
2018-08-18,2018-08-17,COD,North Kivu,Musienene,1,0,1,0,0,0,0,1,0,,,https://mailchi.mp/758eb254afd1/ebola_kivu_18aout
2018-08-18,2018-08-17,COD,North Kivu,Oicha,1,0,1,0,0,0,0,1,0,,,https://mailchi.mp/758eb254afd1/ebola_kivu_18aout
2018-08-18,2018-08-17,COD,Ituri,Mandima,2,7,9,0,6,6,0,3,1,,,https://mailchi.mp/758eb254afd1/ebola_kivu_18aout
2018-08-17,2018-08-16,COD,North Kivu,Beni,0,5,5,1,7,8,0,3,3,,,https://mailchi.mp/74a121fdd538/ebola_kivu_17aout
2018-08-17,2018-08-16,COD,North Kivu,Butembo,2,0,2,1,0,1,0,2,0,,,https://mailchi.mp/74a121fdd538/ebola_kivu_17aout
2018-08-17,2018-08-16,COD,North Kivu,Goma,0,0,0,2,0,2,0,0,0,,,https://mailchi.mp/74a121fdd538/ebola_kivu_17aout
2018-08-17,2018-08-16,COD,North Kivu,Mabalako,21,48,69,4,0,4,4,37,16,,,https://mailchi.mp/74a121fdd538/ebola_kivu_17aout
2018-08-17,2018-08-16,COD,North Kivu,Musienene,1,0,1,0,0,0,0,1,0,,,https://mailchi.mp/74a121fdd538/ebola_kivu_17aout
2018-08-17,2018-08-16,COD,North Kivu,Oicha,1,0,1,0,0,0,0,1,0,,,https://mailchi.mp/74a121fdd538/ebola_kivu_17aout
2018-08-17,2018-08-16,COD,Ituri,Mandima,2,7,9,0,6,6,0,3,1,,,https://mailchi.mp/74a121fdd538/ebola_kivu_17aout
2018-08-16,2018-08-15,COD,North Kivu,Beni,0,5,5,2,6,8,2,4,4,,,https://mailchi.mp/2d5b7a2d510a/ebola_kivu_16aout
2018-08-16,2018-08-15,COD,North Kivu,Butembo,2,0,2,0,0,0,0,2,0,,,https://mailchi.mp/2d5b7a2d510a/ebola_kivu_16aout
2018-08-16,2018-08-15,COD,North Kivu,Mabalako,21,39,60,4,2,6,0,33,12,,,https://mailchi.mp/2d5b7a2d510a/ebola_kivu_16aout
2018-08-16,2018-08-15,COD,North Kivu,Masereka,0,0,0,0,4,4,0,0,0,,,https://mailchi.mp/2d5b7a2d510a/ebola_kivu_16aout
2018-08-16,2018-08-15,COD,North Kivu,Musienene,1,0,1,0,0,0,0,1,0,,,https://mailchi.mp/2d5b7a2d510a/ebola_kivu_16aout
2018-08-16,2018-08-15,COD,North Kivu,Oicha,1,0,1,0,0,0,0,1,0,,,https://mailchi.mp/2d5b7a2d510a/ebola_kivu_16aout
2018-08-16,2018-08-15,COD,Ituri,Mandima,2,7,9,3,3,6,0,3,1,,,https://mailchi.mp/2d5b7a2d510a/ebola_kivu_16aout
2018-08-15,2018-08-14,COD,North Kivu,Beni,0,5,5,3,4,7,0,2,2,,,https://mailchi.mp/96767bcd0575/ebola_kivu_15aout
2018-08-15,2018-08-14,COD,North Kivu,Butembo,2,0,2,0,2,2,0,2,0,,,https://mailchi.mp/96767bcd0575/ebola_kivu_15aout
2018-08-15,2018-08-14,COD,North Kivu,Mabalako,21,34,55,10,14,24,1,33,12,,,https://mailchi.mp/96767bcd0575/ebola_kivu_15aout
2018-08-15,2018-08-14,COD,North Kivu,Masereka,0,0,0,0,4,4,0,0,0,,,https://mailchi.mp/96767bcd0575/ebola_kivu_15aout
2018-08-15,2018-08-14,COD,North Kivu,Musienene,1,0,1,0,0,0,0,1,0,,,https://mailchi.mp/96767bcd0575/ebola_kivu_15aout
2018-08-15,2018-08-14,COD,North Kivu,Oicha,1,0,1,0,0,0,0,1,0,,,https://mailchi.mp/96767bcd0575/ebola_kivu_15aout
2018-08-15,2018-08-14,COD,Ituri,Mandima,2,7,9,1,2,3,0,4,2,,,https://mailchi.mp/96767bcd0575/ebola_kivu_15aout
2018-08-14,2018-08-13,COD,North Kivu,Beni,0,5,5,1,5,6,0,2,2,,,https://mailchi.mp/37b7545e3544/ebola_kivu_14aout
2018-08-14,2018-08-13,COD,North Kivu,Butembo,2,0,2,0,2,2,0,2,0,,,https://mailchi.mp/37b7545e3544/ebola_kivu_14aout
2018-08-14,2018-08-13,COD,North Kivu,Mabalako,21,27,48,5,17,22,0,32,11,,,https://mailchi.mp/37b7545e3544/ebola_kivu_14aout
2018-08-14,2018-08-13,COD,North Kivu,Masereka,0,0,0,0,4,4,0,0,0,,,https://mailchi.mp/37b7545e3544/ebola_kivu_14aout
2018-08-14,2018-08-13,COD,North Kivu,Musienene,1,0,1,0,0,0,0,1,0,,,https://mailchi.mp/37b7545e3544/ebola_kivu_14aout
2018-08-14,2018-08-13,COD,North Kivu,Oicha,1,0,1,0,0,0,0,1,0,,,https://mailchi.mp/37b7545e3544/ebola_kivu_14aout
2018-08-14,2018-08-13,COD,Ituri,Mandima,2,7,9,2,0,2,1,4,2,,,https://mailchi.mp/37b7545e3544/ebola_kivu_14aout
2018-08-13,2018-08-12,COD,North Kivu,Beni,0,5,5,2,5,7,0,2,2,,,https://mailchi.mp/de936e52fb17/ebola_kivu_13aout
2018-08-13,2018-08-12,COD,North Kivu,Butembo,2,0,2,2,0,2,0,2,0,,,https://mailchi.mp/de936e52fb17/ebola_kivu_13aout
2018-08-13,2018-08-12,COD,North Kivu,Mabalako,21,24,45,8,37,45,1,32,11,,,https://mailchi.mp/de936e52fb17/ebola_kivu_13aout
2018-08-13,2018-08-12,COD,North Kivu,Masereka,0,0,0,0,4,4,0,0,0,,,https://mailchi.mp/de936e52fb17/ebola_kivu_13aout
2018-08-13,2018-08-12,COD,North Kivu,Musienene,1,0,1,0,0,0,0,1,0,,,https://mailchi.mp/de936e52fb17/ebola_kivu_13aout
2018-08-13,2018-08-12,COD,North Kivu,Oicha,1,0,1,0,0,0,0,1,0,,,https://mailchi.mp/de936e52fb17/ebola_kivu_13aout
2018-08-13,2018-08-12,COD,Ituri,Mandima,2,1,3,0,0,0,1,3,1,,,https://mailchi.mp/de936e52fb17/ebola_kivu_13aout
2018-08-12,2018-08-11,COD,North Kivu,Beni,0,5,5,0,7,7,0,2,2,,,https://mailchi.mp/5740eb659e90/ebola_kivu_12aout
2018-08-12,2018-08-11,COD,North Kivu,Butembo,2,0,2,0,0,0,0,2,0,,,https://mailchi.mp/5740eb659e90/ebola_kivu_12aout
2018-08-12,2018-08-11,COD,North Kivu,Mabalako,21,20,41,7,30,37,1,31,10,,,https://mailchi.mp/5740eb659e90/ebola_kivu_12aout
2018-08-12,2018-08-11,COD,North Kivu,Masereka,0,0,0,4,0,4,0,0,0,,,https://mailchi.mp/5740eb659e90/ebola_kivu_12aout
2018-08-12,2018-08-11,COD,North Kivu,Musienene,1,0,1,0,0,0,0,1,0,,,https://mailchi.mp/5740eb659e90/ebola_kivu_12aout
2018-08-12,2018-08-11,COD,North Kivu,Oicha,1,0,1,0,0,0,0,1,0,,,https://mailchi.mp/5740eb659e90/ebola_kivu_12aout
2018-08-12,2018-08-11,COD,Ituri,Mandima,2,0,2,0,0,0,0,2,0,,,https://mailchi.mp/5740eb659e90/ebola_kivu_12aout
2018-08-11,2018-08-10,COD,North Kivu,Beni,0,4,4,1,15,16,0,2,2,,,https://mailchi.mp/17136ac871cd/ebola_kivu_11aout
2018-08-11,2018-08-10,COD,North Kivu,Butembo,2,0,2,1,0,1,0,2,0,,,https://mailchi.mp/17136ac871cd/ebola_kivu_11aout
2018-08-11,2018-08-10,COD,North Kivu,Mabalako,21,18,39,6,30,36,0,30,9,,,https://mailchi.mp/17136ac871cd/ebola_kivu_11aout
2018-08-11,2018-08-10,COD,North Kivu,Musienene,1,0,1,0,0,0,0,1,0,,,https://mailchi.mp/17136ac871cd/ebola_kivu_11aout
2018-08-11,2018-08-10,COD,North Kivu,Oicha,1,0,1,0,0,0,0,1,0,,,https://mailchi.mp/17136ac871cd/ebola_kivu_11aout
2018-08-11,2018-08-10,COD,Ituri,Mandima,2,0,2,0,0,0,0,2,0,,,https://mailchi.mp/17136ac871cd/ebola_kivu_11aout
2018-08-10,2018-08-09,COD,North Kivu,Beni,0,4,4,2,13,15,1,2,2,,,https://mailchi.mp/68ac0a236b26/ebola_kivu_10aout
2018-08-10,2018-08-09,COD,North Kivu,Butembo,2,0,2,0,0,0,0,2,0,,,https://mailchi.mp/68ac0a236b26/ebola_kivu_10aout
2018-08-10,2018-08-09,COD,North Kivu,Mabalako,21,17,38,6,30,36,1,30,9,,,https://mailchi.mp/68ac0a236b26/ebola_kivu_10aout
2018-08-10,2018-08-09,COD,North Kivu,Musienene,1,0,1,0,0,0,0,1,0,,,https://mailchi.mp/68ac0a236b26/ebola_kivu_10aout
2018-08-10,2018-08-09,COD,North Kivu,Oicha,1,0,1,0,0,0,0,1,0,,,https://mailchi.mp/68ac0a236b26/ebola_kivu_10aout
2018-08-10,2018-08-09,COD,Ituri,Mandima,2,0,2,0,0,0,0,2,0,,,https://mailchi.mp/68ac0a236b26/ebola_kivu_10aout
2018-08-09,2018-08-08,COD,North Kivu,Beni,0,4,4,2,20,22,0,1,1,,,https://mailchi.mp/4cc2513a9f7d/ebola_kivu_9aout
2018-08-09,2018-08-08,COD,North Kivu,Butembo,2,0,2,0,0,0,0,2,0,,,https://mailchi.mp/4cc2513a9f7d/ebola_kivu_9aout
2018-08-09,2018-08-08,COD,North Kivu,Goma,0,0,0,2,0,2,0,0,0,,,https://mailchi.mp/4cc2513a9f7d/ebola_kivu_9aout
2018-08-09,2018-08-08,COD,North Kivu,Mabalako,21,13,34,8,22,30,1,30,9,,,https://mailchi.mp/4cc2513a9f7d/ebola_kivu_9aout
2018-08-09,2018-08-08,COD,North Kivu,Musienene,1,0,1,0,0,0,0,1,0,,,https://mailchi.mp/4cc2513a9f7d/ebola_kivu_9aout
2018-08-09,2018-08-08,COD,North Kivu,Oicha,1,0,1,0,0,0,0,1,0,,,https://mailchi.mp/4cc2513a9f7d/ebola_kivu_9aout
2018-08-09,2018-08-08,COD,Ituri,Mandima,2,0,2,0,0,0,0,2,0,,,https://mailchi.mp/4cc2513a9f7d/ebola_kivu_9aout
2018-08-08,2018-08-07,COD,North Kivu,Beni,0,4,4,3,22,25,0,1,1,,,https://mailchi.mp/80a23d454958/ebola_kivu_8aout
2018-08-08,2018-08-07,COD,North Kivu,Butembo,2,0,2,0,0,0,0,2,0,,,https://mailchi.mp/80a23d454958/ebola_kivu_8aout
2018-08-08,2018-08-07,COD,North Kivu,Mabalako,21,13,34,7,15,22,0,29,8,,,https://mailchi.mp/80a23d454958/ebola_kivu_8aout
2018-08-08,2018-08-07,COD,North Kivu,Musienene,1,0,1,0,0,0,0,1,0,,,https://mailchi.mp/80a23d454958/ebola_kivu_8aout
2018-08-08,2018-08-07,COD,North Kivu,Oicha,1,0,1,0,0,0,0,1,0,,,https://mailchi.mp/80a23d454958/ebola_kivu_8aout
2018-08-08,2018-08-07,COD,Ituri,Mandima,2,0,2,0,0,0,0,2,0,,,https://mailchi.mp/80a23d454958/ebola_kivu_8aout
2018-08-07,2018-08-06,COD,North Kivu,Beni,0,3,3,13,12,25,1,1,1,,,https://mailchi.mp/526091c2d161/ebola_kivu_7aout
2018-08-07,2018-08-06,COD,North Kivu,Butembo,2,0,2,0,0,0,0,2,0,,,https://mailchi.mp/526091c2d161/ebola_kivu_7aout
2018-08-07,2018-08-06,COD,North Kivu,Mabalako,21,13,34,4,17,21,1,29,8,,,https://mailchi.mp/526091c2d161/ebola_kivu_7aout
2018-08-07,2018-08-06,COD,North Kivu,Musienene,1,0,1,0,0,0,0,1,0,,,https://mailchi.mp/526091c2d161/ebola_kivu_7aout
2018-08-07,2018-08-06,COD,North Kivu,Oicha,1,0,1,0,0,0,0,1,0,,,https://mailchi.mp/526091c2d161/ebola_kivu_7aout
2018-08-07,2018-08-06,COD,Ituri,Mandima,2,0,2,0,0,0,0,2,0,,,https://mailchi.mp/526091c2d161/ebola_kivu_7aout
2018-08-06,2018-08-05,COD,North Kivu,Beni,0,3,3,7,7,14,0,0,0,,,https://mailchi.mp/70213f4262fb/ebola_kivu_6aout
2018-08-06,2018-08-05,COD,North Kivu,Butembo,2,0,2,0,0,0,0,2,0,,,https://mailchi.mp/70213f4262fb/ebola_kivu_6aout
2018-08-06,2018-08-05,COD,North Kivu,Mabalako,21,13,34,14,3,17,4,28,7,,,https://mailchi.mp/70213f4262fb/ebola_kivu_6aout
2018-08-06,2018-08-05,COD,North Kivu,Musienene,1,0,1,0,0,0,0,1,0,,,https://mailchi.mp/70213f4262fb/ebola_kivu_6aout
2018-08-06,2018-08-05,COD,North Kivu,Oicha,1,0,1,0,0,0,0,1,0,,,https://mailchi.mp/70213f4262fb/ebola_kivu_6aout
2018-08-06,2018-08-05,COD,Ituri,Mandima,2,0,2,0,0,0,0,2,0,,,https://mailchi.mp/70213f4262fb/ebola_kivu_6aout
2018-08-06,2018-08-05,COD,North Kivu,Mambasa,0,0,0,0,0,0,0,0,0,,,https://mailchi.mp/70213f4262fb/ebola_kivu_6aout
2018-08-04,2018-08-03,COD,North Kivu,Beni,0,3,3,,,3,,0,0,,,https://mailchi.mp/8bfa0c09fe7b/ebola_kivu_4aout
2018-08-04,2018-08-03,COD,North Kivu,Butembo,2,0,2,,,0,,2,0,,,https://mailchi.mp/8bfa0c09fe7b/ebola_kivu_4aout
2018-08-04,2018-08-03,COD,North Kivu,Mabalako,21,10,31,,,25,,24,3,,,https://mailchi.mp/8bfa0c09fe7b/ebola_kivu_4aout
2018-08-04,2018-08-03,COD,North Kivu,Musienene,1,0,1,,,0,,1,0,,,https://mailchi.mp/8bfa0c09fe7b/ebola_kivu_4aout
2018-08-04,2018-08-03,COD,North Kivu,Oicha,1,0,1,,,0,,1,0,,,https://mailchi.mp/8bfa0c09fe7b/ebola_kivu_4aout
2018-08-04,2018-08-03,COD,Ituri,Mandima,5,0,5,,,0,,5,0,,,https://mailchi.mp/8bfa0c09fe7b/ebola_kivu_4aout
2018-08-04,2018-08-03,COD,North Kivu,Mambasa,0,0,0,,,5,,0,0,,,https://mailchi.mp/8bfa0c09fe7b/ebola_kivu_4aout